Sun Dec 01 00:00:00 UTC 2013,-0.0883545497406884
Sun Dec 01 01:00:00 UTC 2013,0.47368421052631576
Sun Dec 01 03:00:00 UTC 2013,0.11111111111111116
Sun Dec 01 05:00:00 UTC 2013,0.925925925925926
Sun Dec 01 06:00:00 UTC 2013,0.5603773584905662
Sun Dec 01 07:00:00 UTC 2013,0.22988505747126425
Sun Dec 01 08:00:00 UTC 2013,-0.22666666666666666
Sun Dec 01 09:00:00 UTC 2013,0.11111111111111108
Sun Dec 01 10:00:00 UTC 2013,1.1289377289377287
Sun Dec 01 11:00:00 UTC 2013,0.8917874396135268
Sun Dec 01 12:00:00 UTC 2013,0.5207865168539327
Sun Dec 01 13:00:00 UTC 2013,0.659493670886076
Sun Dec 01 14:00:00 UTC 2013,0.09687500000000003
Sun Dec 01 15:00:00 UTC 2013,0.3428571428571428
Sun Dec 01 16:00:00 UTC 2013,0.08125000000000006
Sun Dec 01 17:00:00 UTC 2013,0.5643939393939394
Sun Dec 01 18:00:00 UTC 2013,0.16088888888888897
Sun Dec 01 19:00:00 UTC 2013,-0.17484276729559747
Sun Dec 01 20:00:00 UTC 2013,0.4375000000000002
Sun Dec 01 21:00:00 UTC 2013,0.2926282051282051
Sun Dec 01 22:00:00 UTC 2013,0.4217948717948717
Sun Dec 01 23:00:00 UTC 2013,-0.0632653061224491
Mon Dec 02 00:00:00 UTC 2013,0.27583333333333365
Mon Dec 02 01:00:00 UTC 2013,0.33717948717948737
Mon Dec 02 02:00:00 UTC 2013,0.4541666666666669
Mon Dec 02 03:00:00 UTC 2013,0.6150943396226417
Mon Dec 02 04:00:00 UTC 2013,-0.03333333333333336
Mon Dec 02 05:00:00 UTC 2013,0.09539473684210527
Mon Dec 02 06:00:00 UTC 2013,0.3386243386243385
Mon Dec 02 07:00:00 UTC 2013,0.49911504424778785
Mon Dec 02 08:00:00 UTC 2013,0.473675213675214
Mon Dec 02 09:00:00 UTC 2013,0.6929453262786599
Mon Dec 02 10:00:00 UTC 2013,0.43191881918819136
Mon Dec 02 11:00:00 UTC 2013,0.4294899685762629
Mon Dec 02 12:00:00 UTC 2013,0.5658730158730148
Mon Dec 02 13:00:00 UTC 2013,0.5473684210526308
Mon Dec 02 14:00:00 UTC 2013,0.5455197132616476
Mon Dec 02 15:00:00 UTC 2013,0.3714403292181072
Mon Dec 02 16:00:00 UTC 2013,0.41942148760330533
Mon Dec 02 17:00:00 UTC 2013,0.6652351738241311
Mon Dec 02 18:00:00 UTC 2013,0.5960230245944537
Mon Dec 02 19:00:00 UTC 2013,0.49050567595459266
Mon Dec 02 20:00:00 UTC 2013,0.5617719950433699
Mon Dec 02 21:00:00 UTC 2013,0.17838383838383817
Mon Dec 02 22:00:00 UTC 2013,0.5678362573099411
Mon Dec 02 23:00:00 UTC 2013,0.48535353535353576
Tue Dec 03 00:00:00 UTC 2013,0.21776556776556785
Tue Dec 03 01:00:00 UTC 2013,0.13577235772357724
Tue Dec 03 02:00:00 UTC 2013,0.6666666666666666
Tue Dec 03 03:00:00 UTC 2013,0.3709677419354839
Tue Dec 03 04:00:00 UTC 2013,0.6771604938271603
Tue Dec 03 05:00:00 UTC 2013,0.5042553191489362
Tue Dec 03 06:00:00 UTC 2013,0.40109890109890123
Tue Dec 03 07:00:00 UTC 2013,0.6499633699633699
Tue Dec 03 08:00:00 UTC 2013,0.4249632892804693
Tue Dec 03 09:00:00 UTC 2013,0.695833333333333
Tue Dec 03 10:00:00 UTC 2013,0.3996610169491527
Tue Dec 03 11:00:00 UTC 2013,0.4588566827697267
Tue Dec 03 12:00:00 UTC 2013,0.3371917263325379
Tue Dec 03 13:00:00 UTC 2013,0.2132342533616418
Tue Dec 03 14:00:00 UTC 2013,0.5162221410303248
Tue Dec 03 15:00:00 UTC 2013,0.41717054263565917
Tue Dec 03 16:00:00 UTC 2013,0.6297554347826086
Tue Dec 03 17:00:00 UTC 2013,0.40273843248347463
Tue Dec 03 18:00:00 UTC 2013,0.5631853785900788
Tue Dec 03 19:00:00 UTC 2013,0.45691434468524217
Tue Dec 03 20:00:00 UTC 2013,0.5578947368421053
Tue Dec 03 21:00:00 UTC 2013,0.3779548472775567
Tue Dec 03 22:00:00 UTC 2013,0.593276108726753
Tue Dec 03 23:00:00 UTC 2013,0.1518661518661516
Wed Dec 04 00:00:00 UTC 2013,0.14134615384615412
Wed Dec 04 01:00:00 UTC 2013,0.29116465863453755
Wed Dec 04 02:00:00 UTC 2013,0.8084175084175081
Wed Dec 04 03:00:00 UTC 2013,0.7275985663082439
Wed Dec 04 04:00:00 UTC 2013,0.4325396825396825
Wed Dec 04 05:00:00 UTC 2013,0.26268656716417904
Wed Dec 04 06:00:00 UTC 2013,0.28888888888888903
Wed Dec 04 07:00:00 UTC 2013,0.30613333333333353
Wed Dec 04 08:00:00 UTC 2013,0.4791666666666665
Wed Dec 04 09:00:00 UTC 2013,0.16222222222222216
Wed Dec 04 10:00:00 UTC 2013,0.48795944233206506
Wed Dec 04 11:00:00 UTC 2013,0.15726764500349416
Wed Dec 04 12:00:00 UTC 2013,0.38595360824742225
Wed Dec 04 13:00:00 UTC 2013,0.16853932584269668
Wed Dec 04 14:00:00 UTC 2013,0.1794871794871796
Wed Dec 04 15:00:00 UTC 2013,0.5461538461538462
Wed Dec 04 16:00:00 UTC 2013,0.381578947368421
Wed Dec 04 17:00:00 UTC 2013,0.580808080808081
Wed Dec 04 18:00:00 UTC 2013,0.4333333333333335
Wed Dec 04 19:00:00 UTC 2013,-0.8946666666666664
Wed Dec 04 20:00:00 UTC 2013,0.39024390243902457
Wed Dec 04 21:00:00 UTC 2013,0.45161290322580633
Wed Dec 04 22:00:00 UTC 2013,-0.19230769230769224
Wed Dec 04 23:00:00 UTC 2013,-0.5813953488372094
Thu Dec 05 00:00:00 UTC 2013,-0.04385964912280705
Thu Dec 05 01:00:00 UTC 2013,0.08712121212121203
Thu Dec 05 02:00:00 UTC 2013,-0.3154761904761904
Thu Dec 05 03:00:00 UTC 2013,0.5111111111111108
Thu Dec 05 04:00:00 UTC 2013,0.18974358974358968
Thu Dec 05 05:00:00 UTC 2013,0.3737373737373736
Thu Dec 05 06:00:00 UTC 2013,0.125
Thu Dec 05 07:00:00 UTC 2013,0.23383084577114407
Thu Dec 05 08:00:00 UTC 2013,0.3407843137254903
Thu Dec 05 09:00:00 UTC 2013,0.1457264957264957
Thu Dec 05 10:00:00 UTC 2013,0.05151515151515148
Thu Dec 05 11:00:00 UTC 2013,0.11594202898550719
Thu Dec 05 12:00:00 UTC 2013,0.3250000000000001
Thu Dec 05 13:00:00 UTC 2013,0.5432359307359308
Thu Dec 05 14:00:00 UTC 2013,0.2367965367965369
Thu Dec 05 15:00:00 UTC 2013,0.05508072174738813
Thu Dec 05 16:00:00 UTC 2013,0.5234159779614321
Thu Dec 05 17:00:00 UTC 2013,0.27093397745571657
Thu Dec 05 18:00:00 UTC 2013,0.796832010582011
Thu Dec 05 19:00:00 UTC 2013,0.5606519145243517
Thu Dec 05 20:00:00 UTC 2013,0.35175438596491226
Thu Dec 05 21:00:00 UTC 2013,0.47849162011173163
Thu Dec 05 22:00:00 UTC 2013,0.209154929577465
Thu Dec 05 23:00:00 UTC 2013,0.2508064516129031
Fri Dec 06 00:00:00 UTC 2013,0.7277777777777779
Fri Dec 06 01:00:00 UTC 2013,0.38700564971751394
Fri Dec 06 02:00:00 UTC 2013,0.34482758620689646
Fri Dec 06 03:00:00 UTC 2013,0.3649122807017545
Fri Dec 06 04:00:00 UTC 2013,0.1839080459770115
Fri Dec 06 05:00:00 UTC 2013,0.33568075117370894
Fri Dec 06 06:00:00 UTC 2013,0.30797101449275366
Fri Dec 06 07:00:00 UTC 2013,0.5570776255707759
Fri Dec 06 08:00:00 UTC 2013,0.4995433789954336
Fri Dec 06 09:00:00 UTC 2013,0.7803303303303298
Fri Dec 06 10:00:00 UTC 2013,0.17063492063492064
Fri Dec 06 11:00:00 UTC 2013,0.42399355877616735
Fri Dec 06 12:00:00 UTC 2013,0.6355974842767292
Fri Dec 06 13:00:00 UTC 2013,0.3734939759036148
Fri Dec 06 14:00:00 UTC 2013,0.5567669172932332
Fri Dec 06 15:00:00 UTC 2013,0.30976702508960574
Fri Dec 06 16:00:00 UTC 2013,0.5189092586187012
Fri Dec 06 17:00:00 UTC 2013,0.6072586872586867
Fri Dec 06 18:00:00 UTC 2013,0.6871354166666668
Fri Dec 06 19:00:00 UTC 2013,0.48999157184997916
Fri Dec 06 20:00:00 UTC 2013,0.5022315202231513
Fri Dec 06 21:00:00 UTC 2013,0.17121455323702509
Fri Dec 06 22:00:00 UTC 2013,0.4813492063492066
Fri Dec 06 23:00:00 UTC 2013,0.3981788079470205
Sat Dec 07 00:00:00 UTC 2013,0.6203856749311302
Sat Dec 07 01:00:00 UTC 2013,-0.36231884057971026
Sat Dec 07 02:00:00 UTC 2013,0.7407407407407406
Sat Dec 07 03:00:00 UTC 2013,-0.036190476190476176
Sat Dec 07 04:00:00 UTC 2013,-0.00490196078431363
Sat Dec 07 05:00:00 UTC 2013,0.06666666666666667
Sat Dec 07 06:00:00 UTC 2013,0.13828828828828824
Sat Dec 07 07:00:00 UTC 2013,0.19144144144144137
Sat Dec 07 08:00:00 UTC 2013,6.857259857978908E-17
Sat Dec 07 09:00:00 UTC 2013,0.5632183908045977
Sat Dec 07 10:00:00 UTC 2013,0.397590361445783
Sat Dec 07 11:00:00 UTC 2013,0.41156462585034037
Sat Dec 07 12:00:00 UTC 2013,-0.41489361702127653
Sat Dec 07 13:00:00 UTC 2013,0.9412429378531076
Sat Dec 07 14:00:00 UTC 2013,0.9672222222222228
Sat Dec 07 15:00:00 UTC 2013,0.48771929824561405
Sat Dec 07 16:00:00 UTC 2013,0.3181818181818182
Sat Dec 07 17:00:00 UTC 2013,-0.06862745098039215
Sat Dec 07 18:00:00 UTC 2013,1.107368421052632
Sat Dec 07 19:00:00 UTC 2013,0.25
Sat Dec 07 20:00:00 UTC 2013,0.08641975308641985
Sat Dec 07 21:00:00 UTC 2013,0.1428571428571428
Sat Dec 07 22:00:00 UTC 2013,0.44927536231884074
Sat Dec 07 23:00:00 UTC 2013,0.3333333333333333
Sun Dec 08 00:00:00 UTC 2013,0.3228365384615384
Sun Dec 08 01:00:00 UTC 2013,0.23076923076923078
Sun Dec 08 02:00:00 UTC 2013,0.3333333333333333
Sun Dec 08 03:00:00 UTC 2013,-0.14285714285714288
Sun Dec 08 04:00:00 UTC 2013,0.42857142857142855
Sun Dec 08 05:00:00 UTC 2013,0.6071428571428571
Sun Dec 08 06:00:00 UTC 2013,0.04074074074074074
Sun Dec 08 07:00:00 UTC 2013,-0.47793427230046975
Sun Dec 08 08:00:00 UTC 2013,-0.03623188405797104
Sun Dec 08 09:00:00 UTC 2013,0.0
Sun Dec 08 10:00:00 UTC 2013,0.3417312661498707
Sun Dec 08 11:00:00 UTC 2013,0.4029304029304029
Sun Dec 08 12:00:00 UTC 2013,0.46386138613861394
Sun Dec 08 13:00:00 UTC 2013,0.1553030303030304
Sun Dec 08 14:00:00 UTC 2013,0.47849462365591405
Sun Dec 08 15:00:00 UTC 2013,0.5858666666666668
Sun Dec 08 16:00:00 UTC 2013,0.2025641025641025
Sun Dec 08 17:00:00 UTC 2013,0.05238095238095245
Sun Dec 08 18:00:00 UTC 2013,-0.07777777777777783
Sun Dec 08 19:00:00 UTC 2013,0.09571428571428574
Sun Dec 08 20:00:00 UTC 2013,-0.8154121863799279
Sun Dec 08 21:00:00 UTC 2013,0.16477987421383636
Sun Dec 08 22:00:00 UTC 2013,-0.7004830917874396
Sun Dec 08 23:00:00 UTC 2013,0.3888888888888888
Mon Dec 09 00:00:00 UTC 2013,0.6813432835820902
Mon Dec 09 01:00:00 UTC 2013,0.17351598173515992
Mon Dec 09 02:00:00 UTC 2013,0.6363636363636366
Mon Dec 09 03:00:00 UTC 2013,0.6630769230769229
Mon Dec 09 04:00:00 UTC 2013,0.3168091168091172
Mon Dec 09 05:00:00 UTC 2013,0.12930402930402934
Mon Dec 09 06:00:00 UTC 2013,0.42962962962962953
Mon Dec 09 07:00:00 UTC 2013,0.20625000000000004
Mon Dec 09 08:00:00 UTC 2013,0.7502941176470592
Mon Dec 09 09:00:00 UTC 2013,0.22816728167281666
Mon Dec 09 10:00:00 UTC 2013,0.7947565543071167
Mon Dec 09 11:00:00 UTC 2013,0.9003072196620585
Mon Dec 09 12:00:00 UTC 2013,0.7602119460500959
Mon Dec 09 13:00:00 UTC 2013,0.4335185185185185
Mon Dec 09 14:00:00 UTC 2013,0.8307317073170726
Mon Dec 09 15:00:00 UTC 2013,0.637460317460318
Mon Dec 09 16:00:00 UTC 2013,0.3848623853211006
Mon Dec 09 17:00:00 UTC 2013,0.26918833727344343
Mon Dec 09 18:00:00 UTC 2013,0.4322016460905351
Mon Dec 09 19:00:00 UTC 2013,0.5321557971014492
Mon Dec 09 20:00:00 UTC 2013,0.2484953703703704
Mon Dec 09 21:00:00 UTC 2013,0.6382577363289531
Mon Dec 09 22:00:00 UTC 2013,0.30948396094839614
Mon Dec 09 23:00:00 UTC 2013,0.36169934640522927
Tue Dec 10 00:00:00 UTC 2013,0.589473684210526
Tue Dec 10 01:00:00 UTC 2013,0.47026143790849656
Tue Dec 10 02:00:00 UTC 2013,0.8076923076923076
Tue Dec 10 03:00:00 UTC 2013,-0.09219858156028374
Tue Dec 10 04:00:00 UTC 2013,0.057971014492753666
Tue Dec 10 05:00:00 UTC 2013,0.9291666666666664
Tue Dec 10 06:00:00 UTC 2013,0.5487878787878789
Tue Dec 10 07:00:00 UTC 2013,0.4182939362795478
Tue Dec 10 08:00:00 UTC 2013,0.5607335490830637
Tue Dec 10 09:00:00 UTC 2013,0.2838095238095244
Tue Dec 10 10:00:00 UTC 2013,0.42985074626865694
Tue Dec 10 11:00:00 UTC 2013,0.3991967871485945
Tue Dec 10 12:00:00 UTC 2013,0.2523391812865491
Tue Dec 10 13:00:00 UTC 2013,0.5225973236009726
Tue Dec 10 14:00:00 UTC 2013,0.5023616734143053
Tue Dec 10 15:00:00 UTC 2013,0.5584323040380046
Tue Dec 10 16:00:00 UTC 2013,0.668062397372743
Tue Dec 10 17:00:00 UTC 2013,0.588698166605143
Tue Dec 10 18:00:00 UTC 2013,0.6367303609341816
Tue Dec 10 19:00:00 UTC 2013,0.6255192878338274
Tue Dec 10 20:00:00 UTC 2013,0.6394358974358975
Tue Dec 10 21:00:00 UTC 2013,0.4812745098039211
Tue Dec 10 22:00:00 UTC 2013,0.27635524798154554
Tue Dec 10 23:00:00 UTC 2013,0.5777327935222673
Wed Dec 11 00:00:00 UTC 2013,0.6033986928104579
Wed Dec 11 01:00:00 UTC 2013,0.5430107526881721
Wed Dec 11 02:00:00 UTC 2013,0.602880658436214
Wed Dec 11 03:00:00 UTC 2013,0.5628930817610065
Wed Dec 11 04:00:00 UTC 2013,0.06770833333333343
Wed Dec 11 05:00:00 UTC 2013,0.6757812500000001
Wed Dec 11 06:00:00 UTC 2013,0.05191256830601096
Wed Dec 11 07:00:00 UTC 2013,0.3498470948012231
Wed Dec 11 08:00:00 UTC 2013,0.6724358974358978
Wed Dec 11 09:00:00 UTC 2013,0.4463146314631458
Wed Dec 11 10:00:00 UTC 2013,0.30015432098765454
Wed Dec 11 11:00:00 UTC 2013,0.25025722200237466
Wed Dec 11 12:00:00 UTC 2013,0.6749140893470796
Wed Dec 11 13:00:00 UTC 2013,0.6607460317460325
Wed Dec 11 14:00:00 UTC 2013,0.5223163841807914
Wed Dec 11 15:00:00 UTC 2013,0.5200930626057528
Wed Dec 11 16:00:00 UTC 2013,0.567897327707454
Wed Dec 11 17:00:00 UTC 2013,0.6330864197530865
Wed Dec 11 18:00:00 UTC 2013,0.5130980392156866
Wed Dec 11 19:00:00 UTC 2013,0.6412647374062157
Wed Dec 11 20:00:00 UTC 2013,0.4969196919691969
Wed Dec 11 21:00:00 UTC 2013,0.3390862944162442
Wed Dec 11 22:00:00 UTC 2013,0.5399610136452245
Wed Dec 11 23:00:00 UTC 2013,0.7172839506172835
Thu Dec 12 00:00:00 UTC 2013,0.26061111111111124
Thu Dec 12 01:00:00 UTC 2013,0.18939393939393942
Thu Dec 12 02:00:00 UTC 2013,0.7769547325102881
Thu Dec 12 03:00:00 UTC 2013,-0.19230769230769218
Thu Dec 12 04:00:00 UTC 2013,0.4861111111111107
Thu Dec 12 05:00:00 UTC 2013,0.25423728813559326
Thu Dec 12 06:00:00 UTC 2013,0.3277467411545626
Thu Dec 12 07:00:00 UTC 2013,0.6066193853427901
Thu Dec 12 08:00:00 UTC 2013,0.0202702702702702
Thu Dec 12 09:00:00 UTC 2013,0.3736263736263738
Thu Dec 12 10:00:00 UTC 2013,0.10383194829178223
Thu Dec 12 11:00:00 UTC 2013,0.0394607843137255
Thu Dec 12 12:00:00 UTC 2013,0.3394358974358973
Thu Dec 12 13:00:00 UTC 2013,0.40907638223074455
Thu Dec 12 14:00:00 UTC 2013,0.5463251670378623
Thu Dec 12 15:00:00 UTC 2013,0.32802783213742104
Thu Dec 12 16:00:00 UTC 2013,0.48235023041474623
Thu Dec 12 17:00:00 UTC 2013,0.4919308357348699
Thu Dec 12 18:00:00 UTC 2013,0.38602533650039556
Thu Dec 12 19:00:00 UTC 2013,0.2224210868857793
Thu Dec 12 20:00:00 UTC 2013,0.14456751054852307
Thu Dec 12 21:00:00 UTC 2013,0.37857142857142867
Thu Dec 12 22:00:00 UTC 2013,0.48117816091954024
Thu Dec 12 23:00:00 UTC 2013,0.19177126917712708
Fri Dec 13 00:00:00 UTC 2013,0.43724394785847387
Fri Dec 13 01:00:00 UTC 2013,0.03502824858757064
Fri Dec 13 02:00:00 UTC 2013,0.356078431372549
Fri Dec 13 03:00:00 UTC 2013,0.10569105691056914
Fri Dec 13 04:00:00 UTC 2013,0.3008130081300814
Fri Dec 13 05:00:00 UTC 2013,0.4509803921568627
Fri Dec 13 06:00:00 UTC 2013,0.21350210970464117
Fri Dec 13 07:00:00 UTC 2013,0.4044871794871793
Fri Dec 13 08:00:00 UTC 2013,-0.041405082212257
Fri Dec 13 09:00:00 UTC 2013,0.5780487804878051
Fri Dec 13 10:00:00 UTC 2013,0.7059701492537316
Fri Dec 13 11:00:00 UTC 2013,0.41895902547065333
Fri Dec 13 12:00:00 UTC 2013,0.4878453038674026
Fri Dec 13 13:00:00 UTC 2013,0.3405228758169927
Fri Dec 13 14:00:00 UTC 2013,0.6166052793124623
Fri Dec 13 15:00:00 UTC 2013,0.6428961748633882
Fri Dec 13 16:00:00 UTC 2013,0.5722007722007724
Fri Dec 13 17:00:00 UTC 2013,0.6824631860776441
Fri Dec 13 18:00:00 UTC 2013,0.3813559322033897
Fri Dec 13 19:00:00 UTC 2013,0.36725616291532676
Fri Dec 13 20:00:00 UTC 2013,0.5597484276729555
Fri Dec 13 21:00:00 UTC 2013,0.5209523809523812
Fri Dec 13 22:00:00 UTC 2013,0.1803617571059434
Fri Dec 13 23:00:00 UTC 2013,0.6940690690690688
Sat Dec 14 00:00:00 UTC 2013,0.6507751937984495
Sat Dec 14 01:00:00 UTC 2013,0.08695652173913046
Sat Dec 14 02:00:00 UTC 2013,-0.07407407407407407
Sat Dec 14 03:00:00 UTC 2013,0.10526315789473684
Sat Dec 14 04:00:00 UTC 2013,-0.062499999999999986
Sat Dec 14 05:00:00 UTC 2013,0.4666666666666667
Sat Dec 14 06:00:00 UTC 2013,-0.5555555555555556
Sat Dec 14 07:00:00 UTC 2013,0.5852564102564102
Sat Dec 14 08:00:00 UTC 2013,0.37499999999999994
Sat Dec 14 09:00:00 UTC 2013,0.9361702127659568
Sat Dec 14 10:00:00 UTC 2013,-0.16134259259259273
Sat Dec 14 11:00:00 UTC 2013,-0.0977011494252874
Sat Dec 14 12:00:00 UTC 2013,-0.30107526881720437
Sat Dec 14 13:00:00 UTC 2013,0.07291666666666663
Sat Dec 14 14:00:00 UTC 2013,0.7396551724137931
Sat Dec 14 15:00:00 UTC 2013,-0.6842592592592589
Sat Dec 14 16:00:00 UTC 2013,0.40909090909090906
Sat Dec 14 17:00:00 UTC 2013,-0.02564102564102572
Sat Dec 14 18:00:00 UTC 2013,-0.8106060606060602
Sat Dec 14 20:00:00 UTC 2013,0.08981481481481476
Sat Dec 14 21:00:00 UTC 2013,0.2727272727272726
Sat Dec 14 22:00:00 UTC 2013,-0.06410256410256414
Sat Dec 14 23:00:00 UTC 2013,0.42222222222222194
Sun Dec 15 00:00:00 UTC 2013,0.16631330977620742
Sun Dec 15 01:00:00 UTC 2013,-0.18181818181818182
Sun Dec 15 02:00:00 UTC 2013,0.5384615384615384
Sun Dec 15 03:00:00 UTC 2013,0.31250000000000006
Sun Dec 15 05:00:00 UTC 2013,0.6028368794326242
Sun Dec 15 06:00:00 UTC 2013,0.07786885245901647
Sun Dec 15 07:00:00 UTC 2013,0.5146258503401361
Sun Dec 15 08:00:00 UTC 2013,0.60663082437276
Sun Dec 15 09:00:00 UTC 2013,0.4697819314641743
Sun Dec 15 10:00:00 UTC 2013,0.3120772946859902
Sun Dec 15 11:00:00 UTC 2013,0.38834688346883445
Sun Dec 15 12:00:00 UTC 2013,0.25
Sun Dec 15 13:00:00 UTC 2013,-0.13846153846153847
Sun Dec 15 14:00:00 UTC 2013,0.22619047619047622
Sun Dec 15 15:00:00 UTC 2013,0.3376984126984127
Sun Dec 15 16:00:00 UTC 2013,0.013157894736842065
Sun Dec 15 17:00:00 UTC 2013,-0.33911111111111114
Sun Dec 15 18:00:00 UTC 2013,-0.14254901960784322
Sun Dec 15 19:00:00 UTC 2013,0.6411347517730492
Sun Dec 15 20:00:00 UTC 2013,0.28695652173913055
Sun Dec 15 21:00:00 UTC 2013,-0.5679012345679013
Sun Dec 15 22:00:00 UTC 2013,0.29016064257028107
Sun Dec 15 23:00:00 UTC 2013,0.849253731343284
Mon Dec 16 00:00:00 UTC 2013,-0.06078431372549014
Mon Dec 16 01:00:00 UTC 2013,-0.19811320754716974
Mon Dec 16 02:00:00 UTC 2013,0.7681159420289856
Mon Dec 16 03:00:00 UTC 2013,0.5156249999999999
Mon Dec 16 04:00:00 UTC 2013,-0.1392592592592593
Mon Dec 16 05:00:00 UTC 2013,0.8120567375886519
Mon Dec 16 06:00:00 UTC 2013,0.5290476190476194
Mon Dec 16 07:00:00 UTC 2013,0.46252796420581666
Mon Dec 16 08:00:00 UTC 2013,0.4449074074074072
Mon Dec 16 09:00:00 UTC 2013,0.671866666666666
Mon Dec 16 10:00:00 UTC 2013,0.8013403263403267
Mon Dec 16 11:00:00 UTC 2013,0.2787651677373303
Mon Dec 16 12:00:00 UTC 2013,0.8010355029585794
Mon Dec 16 13:00:00 UTC 2013,0.6806201550387603
Mon Dec 16 14:00:00 UTC 2013,0.5269366598313969
Mon Dec 16 15:00:00 UTC 2013,0.4932047750229565
Mon Dec 16 16:00:00 UTC 2013,0.5559895833333334
Mon Dec 16 17:00:00 UTC 2013,0.4540903540903539
Mon Dec 16 18:00:00 UTC 2013,0.6522258414766559
Mon Dec 16 19:00:00 UTC 2013,0.09430379746835439
Mon Dec 16 20:00:00 UTC 2013,0.3894293125810634
Mon Dec 16 21:00:00 UTC 2013,0.6819819819819819
Mon Dec 16 22:00:00 UTC 2013,0.66551724137931
Mon Dec 16 23:00:00 UTC 2013,0.42229038854805734
Tue Dec 17 00:00:00 UTC 2013,0.6697194719471946
Tue Dec 17 01:00:00 UTC 2013,0.49824561403508805
Tue Dec 17 02:00:00 UTC 2013,-0.17577319587628862
Tue Dec 17 03:00:00 UTC 2013,0.8411764705882354
Tue Dec 17 04:00:00 UTC 2013,0.1111111111111111
Tue Dec 17 05:00:00 UTC 2013,0.5717054263565892
Tue Dec 17 06:00:00 UTC 2013,0.6272030651340993
Tue Dec 17 07:00:00 UTC 2013,0.1954861111111111
Tue Dec 17 08:00:00 UTC 2013,0.4522893772893774
Tue Dec 17 09:00:00 UTC 2013,0.3120063191153239
Tue Dec 17 10:00:00 UTC 2013,0.8166666666666661
Tue Dec 17 11:00:00 UTC 2013,0.4231182795698929
Tue Dec 17 12:00:00 UTC 2013,0.5945991561181437
Tue Dec 17 13:00:00 UTC 2013,0.5298678891846602
Tue Dec 17 14:00:00 UTC 2013,0.4232695810564663
Tue Dec 17 15:00:00 UTC 2013,0.3845291962939022
Tue Dec 17 16:00:00 UTC 2013,0.3240549828178693
Tue Dec 17 17:00:00 UTC 2013,0.6131365740740727
Tue Dec 17 18:00:00 UTC 2013,0.4266550522648082
Tue Dec 17 19:00:00 UTC 2013,0.18358085808580846
Tue Dec 17 20:00:00 UTC 2013,0.18957826439578274
Tue Dec 17 21:00:00 UTC 2013,0.18629032258064507
Tue Dec 17 22:00:00 UTC 2013,0.33533333333333354
Tue Dec 17 23:00:00 UTC 2013,0.48562691131498437
Wed Dec 18 00:00:00 UTC 2013,0.34356589147286853
Wed Dec 18 01:00:00 UTC 2013,0.4500000000000001
Wed Dec 18 02:00:00 UTC 2013,0.4463203463203469
Wed Dec 18 03:00:00 UTC 2013,-0.7923976608187138
Wed Dec 18 04:00:00 UTC 2013,0.38095238095238093
Wed Dec 18 05:00:00 UTC 2013,0.27683615819209045
Wed Dec 18 06:00:00 UTC 2013,0.49309309309309357
Wed Dec 18 07:00:00 UTC 2013,0.4559829059829059
Wed Dec 18 08:00:00 UTC 2013,0.5864527629233507
Wed Dec 18 09:00:00 UTC 2013,0.46232876712328774
Wed Dec 18 10:00:00 UTC 2013,0.09185185185185188
Wed Dec 18 11:00:00 UTC 2013,0.3966764418377321
Wed Dec 18 12:00:00 UTC 2013,0.6035914702581369
Wed Dec 18 13:00:00 UTC 2013,0.3859201773835917
Wed Dec 18 14:00:00 UTC 2013,0.7522064617809299
Wed Dec 18 15:00:00 UTC 2013,0.615503144654087
Wed Dec 18 16:00:00 UTC 2013,0.46922043010752745
Wed Dec 18 17:00:00 UTC 2013,0.4201438848920861
Wed Dec 18 18:00:00 UTC 2013,0.5967644845748691
Wed Dec 18 19:00:00 UTC 2013,0.5307234432234441
Wed Dec 18 20:00:00 UTC 2013,0.42983963344788073
Wed Dec 18 21:00:00 UTC 2013,0.2870922728065586
Wed Dec 18 22:00:00 UTC 2013,0.582207207207207
Wed Dec 18 23:00:00 UTC 2013,0.41424242424242397
Thu Dec 19 00:00:00 UTC 2013,-0.051905829596412524
Thu Dec 19 01:00:00 UTC 2013,0.18232323232323233
Thu Dec 19 02:00:00 UTC 2013,0.7986111111111112
Thu Dec 19 03:00:00 UTC 2013,0.5376344086021505
Thu Dec 19 04:00:00 UTC 2013,0.6217948717948718
Thu Dec 19 05:00:00 UTC 2013,0.5686868686868681
Thu Dec 19 06:00:00 UTC 2013,0.44294699011680133
Thu Dec 19 07:00:00 UTC 2013,0.44643545279383423
Thu Dec 19 08:00:00 UTC 2013,0.6765254390729676
Thu Dec 19 09:00:00 UTC 2013,0.5246177370030585
Thu Dec 19 10:00:00 UTC 2013,0.5081196581196581
Thu Dec 19 11:00:00 UTC 2013,0.24751984126984114
Thu Dec 19 12:00:00 UTC 2013,0.5901318133238332
Thu Dec 19 13:00:00 UTC 2013,0.4221719457013568
Thu Dec 19 14:00:00 UTC 2013,0.4074866310160425
Thu Dec 19 15:00:00 UTC 2013,0.4492313915857602
Thu Dec 19 16:00:00 UTC 2013,0.6427033492822962
Thu Dec 19 17:00:00 UTC 2013,0.6304289819376019
Thu Dec 19 18:00:00 UTC 2013,0.6398893360160971
Thu Dec 19 19:00:00 UTC 2013,0.8170491803278686
Thu Dec 19 20:00:00 UTC 2013,0.45421568627450976
Thu Dec 19 21:00:00 UTC 2013,0.49187878787878814
Thu Dec 19 22:00:00 UTC 2013,0.06992753623188401
Thu Dec 19 23:00:00 UTC 2013,0.2304166666666668
Fri Dec 20 00:00:00 UTC 2013,0.1521739130434785
Fri Dec 20 01:00:00 UTC 2013,0.19047619047619038
Fri Dec 20 02:00:00 UTC 2013,0.3957894736842103
Fri Dec 20 03:00:00 UTC 2013,0.27777777777777785
Fri Dec 20 04:00:00 UTC 2013,0.5071428571428572
Fri Dec 20 05:00:00 UTC 2013,0.45977011494252884
Fri Dec 20 06:00:00 UTC 2013,0.26785714285714274
Fri Dec 20 07:00:00 UTC 2013,0.20560109289617487
Fri Dec 20 08:00:00 UTC 2013,0.3582039337474116
Fri Dec 20 09:00:00 UTC 2013,0.5526315789473678
Fri Dec 20 10:00:00 UTC 2013,0.49528198376124677
Fri Dec 20 11:00:00 UTC 2013,0.6365853658536583
Fri Dec 20 12:00:00 UTC 2013,0.37330659536541905
Fri Dec 20 13:00:00 UTC 2013,0.5737244897959178
Fri Dec 20 14:00:00 UTC 2013,0.6894764957264952
Fri Dec 20 15:00:00 UTC 2013,0.47878440366972486
Fri Dec 20 16:00:00 UTC 2013,0.5224021592442647
Fri Dec 20 17:00:00 UTC 2013,0.5725971370143145
Fri Dec 20 18:00:00 UTC 2013,0.7295107033639147
Fri Dec 20 19:00:00 UTC 2013,0.24688697318007655
Fri Dec 20 20:00:00 UTC 2013,0.5964325529542912
Fri Dec 20 21:00:00 UTC 2013,0.7367204301075263
Fri Dec 20 22:00:00 UTC 2013,0.5750367107195299
Fri Dec 20 23:00:00 UTC 2013,0.4950724637681159
Sat Dec 21 00:00:00 UTC 2013,0.32077625570776264
Sat Dec 21 01:00:00 UTC 2013,0.20000000000000007
Sat Dec 21 02:00:00 UTC 2013,0.4444444444444444
Sat Dec 21 03:00:00 UTC 2013,0.3088235294117648
Sat Dec 21 04:00:00 UTC 2013,-0.2391304347826087
Sat Dec 21 05:00:00 UTC 2013,0.16666666666666666
Sat Dec 21 06:00:00 UTC 2013,-0.188034188034188
Sat Dec 21 07:00:00 UTC 2013,0.3686868686868688
Sat Dec 21 08:00:00 UTC 2013,0.07246376811594199
Sat Dec 21 09:00:00 UTC 2013,-0.030508474576271274
Sat Dec 21 10:00:00 UTC 2013,-0.04278606965174129
Sat Dec 21 11:00:00 UTC 2013,0.06666666666666665
Sat Dec 21 12:00:00 UTC 2013,0.11851851851851856
Sat Dec 21 13:00:00 UTC 2013,0.6361904761904764
Sat Dec 21 14:00:00 UTC 2013,0.5531073446327681
Sat Dec 21 15:00:00 UTC 2013,0.7373188405797104
Sat Dec 21 16:00:00 UTC 2013,0.5416666666666669
Sat Dec 21 17:00:00 UTC 2013,0.7366666666666662
Sat Dec 21 18:00:00 UTC 2013,0.924242424242424
Sat Dec 21 19:00:00 UTC 2013,0.6080000000000001
Sat Dec 21 20:00:00 UTC 2013,-0.4444444444444444
Sat Dec 21 21:00:00 UTC 2013,0.13809523809523808
Sat Dec 21 22:00:00 UTC 2013,0.4275362318840579
Sat Dec 21 23:00:00 UTC 2013,0.6833333333333333
Sun Dec 22 00:00:00 UTC 2013,-0.033333333333333326
Sun Dec 22 01:00:00 UTC 2013,0.2916666666666667
Sun Dec 22 03:00:00 UTC 2013,-0.062499999999999986
Sun Dec 22 05:00:00 UTC 2013,0.9602150537634412
Sun Dec 22 06:00:00 UTC 2013,-0.3660130718954249
Sun Dec 22 07:00:00 UTC 2013,-0.13907284768211944
Sun Dec 22 08:00:00 UTC 2013,0.5547008547008547
Sun Dec 22 09:00:00 UTC 2013,0.956807511737089
Sun Dec 22 10:00:00 UTC 2013,0.40678346810422283
Sun Dec 22 11:00:00 UTC 2013,0.3627705627705628
Sun Dec 22 12:00:00 UTC 2013,0.760185185185185
Sun Dec 22 13:00:00 UTC 2013,0.7201058201058202
Sun Dec 22 14:00:00 UTC 2013,0.8040123456790121
Sun Dec 22 15:00:00 UTC 2013,0.6271929824561405
Sun Dec 22 16:00:00 UTC 2013,0.10119047619047626
Sun Dec 22 17:00:00 UTC 2013,0.24424242424242418
Sun Dec 22 18:00:00 UTC 2013,0.9565104166666664
Sun Dec 22 19:00:00 UTC 2013,0.6983606557377046
Sun Dec 22 20:00:00 UTC 2013,0.38461538461538464
