Sun Dec 01 00:00:00 UTC 2013,0.1474358974358975
Sun Dec 01 01:00:00 UTC 2013,-0.45666666666666667
Sun Dec 01 02:00:00 UTC 2013,-0.19444444444444442
Sun Dec 01 03:00:00 UTC 2013,-0.3809523809523811
Sun Dec 01 04:00:00 UTC 2013,-0.42857142857142855
Sun Dec 01 05:00:00 UTC 2013,0.8869047619047619
Sun Dec 01 06:00:00 UTC 2013,0.330128205128205
Sun Dec 01 07:00:00 UTC 2013,1.0217391304347827
Sun Dec 01 08:00:00 UTC 2013,0.0
Sun Dec 01 09:00:00 UTC 2013,0.1944444444444446
Sun Dec 01 10:00:00 UTC 2013,-0.048148148148148155
Sun Dec 01 11:00:00 UTC 2013,-0.5333333333333333
Sun Dec 01 12:00:00 UTC 2013,-0.14979166666666666
Sun Dec 01 13:00:00 UTC 2013,0.22058823529411759
Sun Dec 01 14:00:00 UTC 2013,-0.054285714285714326
Sun Dec 01 15:00:00 UTC 2013,-0.09999999999999995
Sun Dec 01 16:00:00 UTC 2013,-0.5694444444444448
Sun Dec 01 17:00:00 UTC 2013,-0.16085271317829472
Sun Dec 01 18:00:00 UTC 2013,0.12605363984674323
Sun Dec 01 19:00:00 UTC 2013,-0.17450980392156867
Sun Dec 01 20:00:00 UTC 2013,-0.31818181818181834
Sun Dec 01 21:00:00 UTC 2013,-0.10048309178743961
Sun Dec 01 22:00:00 UTC 2013,0.9802469135802471
Sun Dec 01 23:00:00 UTC 2013,0.01827956989247308
Mon Dec 02 00:00:00 UTC 2013,0.6458333333333331
Mon Dec 02 01:00:00 UTC 2013,0.09523809523809519
Mon Dec 02 02:00:00 UTC 2013,-0.2008547008547009
Mon Dec 02 03:00:00 UTC 2013,0.4444444444444444
Mon Dec 02 04:00:00 UTC 2013,-0.1869918699186992
Mon Dec 02 05:00:00 UTC 2013,0.2708333333333334
Mon Dec 02 06:00:00 UTC 2013,0.6018518518518516
Mon Dec 02 07:00:00 UTC 2013,0.6304597701149427
Mon Dec 02 08:00:00 UTC 2013,0.5758620689655171
Mon Dec 02 09:00:00 UTC 2013,0.14901960784313734
Mon Dec 02 10:00:00 UTC 2013,0.6456486042692937
Mon Dec 02 11:00:00 UTC 2013,0.6044490789016332
Mon Dec 02 12:00:00 UTC 2013,0.4969078540507112
Mon Dec 02 13:00:00 UTC 2013,0.3693693693693694
Mon Dec 02 14:00:00 UTC 2013,0.5579390115667711
Mon Dec 02 15:00:00 UTC 2013,-0.0872011251758086
Mon Dec 02 16:00:00 UTC 2013,0.6088693957115013
Mon Dec 02 17:00:00 UTC 2013,0.5500000000000005
Mon Dec 02 18:00:00 UTC 2013,0.4982109971060247
Mon Dec 02 19:00:00 UTC 2013,0.19316939890710375
Mon Dec 02 20:00:00 UTC 2013,0.6563405797101445
Mon Dec 02 21:00:00 UTC 2013,0.36788321167883203
Mon Dec 02 22:00:00 UTC 2013,0.5431235431235432
Mon Dec 02 23:00:00 UTC 2013,0.17307692307692307
Tue Dec 03 00:00:00 UTC 2013,0.030398322851153004
Tue Dec 03 01:00:00 UTC 2013,0.372072072072072
Tue Dec 03 02:00:00 UTC 2013,0.09375000000000011
Tue Dec 03 03:00:00 UTC 2013,-0.31388888888888883
Tue Dec 03 04:00:00 UTC 2013,-0.5877192982456142
Tue Dec 03 05:00:00 UTC 2013,0.41666666666666674
Tue Dec 03 06:00:00 UTC 2013,-0.3859649122807017
Tue Dec 03 07:00:00 UTC 2013,0.3241977225672878
Tue Dec 03 08:00:00 UTC 2013,0.3131894484412473
Tue Dec 03 09:00:00 UTC 2013,0.5722222222222222
Tue Dec 03 10:00:00 UTC 2013,0.754458598726115
Tue Dec 03 11:00:00 UTC 2013,0.7690631808278863
Tue Dec 03 12:00:00 UTC 2013,0.74374201787995
Tue Dec 03 13:00:00 UTC 2013,-0.12848751835535974
Tue Dec 03 14:00:00 UTC 2013,0.2748143294014855
Tue Dec 03 15:00:00 UTC 2013,0.5878654970760239
Tue Dec 03 16:00:00 UTC 2013,0.15373044524669097
Tue Dec 03 17:00:00 UTC 2013,0.37846153846153807
Tue Dec 03 18:00:00 UTC 2013,0.22364779874213847
Tue Dec 03 19:00:00 UTC 2013,0.02092803030303035
Tue Dec 03 20:00:00 UTC 2013,0.5906130268199224
Tue Dec 03 21:00:00 UTC 2013,0.0989296636085628
Tue Dec 03 22:00:00 UTC 2013,-0.015223097112860818
Tue Dec 03 23:00:00 UTC 2013,-0.16594724220623497
Wed Dec 04 00:00:00 UTC 2013,-0.01950113378684806
Wed Dec 04 01:00:00 UTC 2013,-0.30587121212121204
Wed Dec 04 02:00:00 UTC 2013,0.3294372294372294
Wed Dec 04 03:00:00 UTC 2013,0.3861788617886177
Wed Dec 04 04:00:00 UTC 2013,-0.5628930817610063
Wed Dec 04 05:00:00 UTC 2013,0.4404761904761906
Wed Dec 04 06:00:00 UTC 2013,-0.10285714285714287
Wed Dec 04 07:00:00 UTC 2013,0.00686274509803922
Wed Dec 04 08:00:00 UTC 2013,0.3415204678362573
Wed Dec 04 09:00:00 UTC 2013,0.44106666666666633
Wed Dec 04 10:00:00 UTC 2013,0.5427350427350427
Wed Dec 04 11:00:00 UTC 2013,0.19738675958188137
Wed Dec 04 12:00:00 UTC 2013,0.5547325102880657
Wed Dec 04 13:00:00 UTC 2013,0.2020833333333334
Wed Dec 04 14:00:00 UTC 2013,0.10416666666666656
Wed Dec 04 15:00:00 UTC 2013,-0.07568627450980395
Wed Dec 04 16:00:00 UTC 2013,0.64
Wed Dec 04 17:00:00 UTC 2013,0.7902777777777775
Wed Dec 04 18:00:00 UTC 2013,-0.04126984126984122
Wed Dec 04 19:00:00 UTC 2013,-0.01764705882352938
Wed Dec 04 20:00:00 UTC 2013,0.5888888888888891
Wed Dec 04 21:00:00 UTC 2013,0.05610561056105603
Wed Dec 04 22:00:00 UTC 2013,0.7657657657657659
Wed Dec 04 23:00:00 UTC 2013,-0.5652173913043478
Thu Dec 05 00:00:00 UTC 2013,0.4180327868852461
Thu Dec 05 01:00:00 UTC 2013,0.041212121212121054
Thu Dec 05 02:00:00 UTC 2013,-0.4137931034482759
Thu Dec 05 03:00:00 UTC 2013,0.6517857142857142
Thu Dec 05 04:00:00 UTC 2013,-0.36
Thu Dec 05 05:00:00 UTC 2013,0.09756097560975618
Thu Dec 05 06:00:00 UTC 2013,0.26666666666666666
Thu Dec 05 07:00:00 UTC 2013,0.6182795698924733
Thu Dec 05 08:00:00 UTC 2013,0.7427536231884059
Thu Dec 05 09:00:00 UTC 2013,0.18257575757575745
Thu Dec 05 10:00:00 UTC 2013,0.28571428571428575
Thu Dec 05 11:00:00 UTC 2013,-0.041666666666666574
Thu Dec 05 12:00:00 UTC 2013,0.6742424242424243
Thu Dec 05 13:00:00 UTC 2013,0.3923076923076924
Thu Dec 05 14:00:00 UTC 2013,0.24392156862745099
Thu Dec 05 15:00:00 UTC 2013,0.20327198364008167
Thu Dec 05 16:00:00 UTC 2013,0.3897959183673473
Thu Dec 05 17:00:00 UTC 2013,0.4595125786163518
Thu Dec 05 18:00:00 UTC 2013,0.45216178521617856
Thu Dec 05 19:00:00 UTC 2013,-0.03647342995169088
Thu Dec 05 20:00:00 UTC 2013,0.5384615384615389
Thu Dec 05 21:00:00 UTC 2013,0.22049062049062057
Thu Dec 05 22:00:00 UTC 2013,0.13947772657450078
Thu Dec 05 23:00:00 UTC 2013,-0.36040189125295524
Fri Dec 06 00:00:00 UTC 2013,0.4575396825396827
Fri Dec 06 01:00:00 UTC 2013,-0.009126984126984063
Fri Dec 06 02:00:00 UTC 2013,-0.6307189542483662
Fri Dec 06 03:00:00 UTC 2013,0.6292307692307695
Fri Dec 06 04:00:00 UTC 2013,-0.601851851851852
Fri Dec 06 05:00:00 UTC 2013,0.19342723004694834
Fri Dec 06 06:00:00 UTC 2013,0.4789473684210528
Fri Dec 06 07:00:00 UTC 2013,0.6174999999999997
Fri Dec 06 08:00:00 UTC 2013,0.4059523809523809
Fri Dec 06 09:00:00 UTC 2013,0.4695261437908491
Fri Dec 06 10:00:00 UTC 2013,0.29889502762430903
Fri Dec 06 11:00:00 UTC 2013,0.34380341880341914
Fri Dec 06 12:00:00 UTC 2013,0.4170588235294115
Fri Dec 06 13:00:00 UTC 2013,0.09687045123726334
Fri Dec 06 14:00:00 UTC 2013,0.47017543859649186
Fri Dec 06 15:00:00 UTC 2013,0.2685990338164251
Fri Dec 06 16:00:00 UTC 2013,0.5164657738095236
Fri Dec 06 17:00:00 UTC 2013,0.7580550994344101
Fri Dec 06 18:00:00 UTC 2013,0.3947683109118085
Fri Dec 06 19:00:00 UTC 2013,0.12281849912739971
Fri Dec 06 20:00:00 UTC 2013,0.6819338422391857
Fri Dec 06 21:00:00 UTC 2013,0.5049217002237145
Fri Dec 06 22:00:00 UTC 2013,0.3997601918465231
Fri Dec 06 23:00:00 UTC 2013,0.3797764227642278
Sat Dec 07 00:00:00 UTC 2013,0.7835748792270537
Sat Dec 07 01:00:00 UTC 2013,-0.2706349206349205
Sat Dec 07 02:00:00 UTC 2013,-0.2830188679245283
Sat Dec 07 03:00:00 UTC 2013,0.3299663299663298
Sat Dec 07 04:00:00 UTC 2013,-0.148936170212766
Sat Dec 07 05:00:00 UTC 2013,-0.41916666666666674
Sat Dec 07 06:00:00 UTC 2013,0.04637681159420283
Sat Dec 07 07:00:00 UTC 2013,0.5494623655913979
Sat Dec 07 08:00:00 UTC 2013,0.21614583333333326
Sat Dec 07 09:00:00 UTC 2013,-0.11538461538461539
Sat Dec 07 10:00:00 UTC 2013,0.403292181069959
Sat Dec 07 11:00:00 UTC 2013,-0.07570621468926553
Sat Dec 07 12:00:00 UTC 2013,0.03333333333333352
Sat Dec 07 13:00:00 UTC 2013,0.3011111111111111
Sat Dec 07 14:00:00 UTC 2013,0.3293333333333333
Sat Dec 07 15:00:00 UTC 2013,0.6988795518207284
Sat Dec 07 16:00:00 UTC 2013,0.6562500000000001
Sat Dec 07 17:00:00 UTC 2013,0.12268041237113389
Sat Dec 07 18:00:00 UTC 2013,-0.035585585585585666
Sat Dec 07 19:00:00 UTC 2013,-0.07622222222222214
Sat Dec 07 20:00:00 UTC 2013,0.6051282051282056
Sat Dec 07 21:00:00 UTC 2013,0.03974358974358974
Sat Dec 07 22:00:00 UTC 2013,0.7263681592039795
Sat Dec 07 23:00:00 UTC 2013,0.33333333333333337
Sun Dec 08 00:00:00 UTC 2013,0.09178743961352671
Sun Dec 08 01:00:00 UTC 2013,2.42861286636753E-17
Sun Dec 08 03:00:00 UTC 2013,0.0023809523809524245
Sun Dec 08 04:00:00 UTC 2013,0.11891891891891905
Sun Dec 08 05:00:00 UTC 2013,0.16216216216216217
Sun Dec 08 06:00:00 UTC 2013,0.05128205128205128
Sun Dec 08 07:00:00 UTC 2013,0.8405797101449274
Sun Dec 08 09:00:00 UTC 2013,-0.15384615384615385
Sun Dec 08 10:00:00 UTC 2013,0.12345679012345687
Sun Dec 08 11:00:00 UTC 2013,0.538624338624339
Sun Dec 08 12:00:00 UTC 2013,0.0912878787878788
Sun Dec 08 13:00:00 UTC 2013,0.023880597014925377
Sun Dec 08 14:00:00 UTC 2013,0.44734165510864504
Sun Dec 08 15:00:00 UTC 2013,0.839655172413793
Sun Dec 08 16:00:00 UTC 2013,0.14553990610328638
Sun Dec 08 17:00:00 UTC 2013,0.5638888888888889
Sun Dec 08 18:00:00 UTC 2013,0.6355555555555553
Sun Dec 08 19:00:00 UTC 2013,0.28923076923076896
Sun Dec 08 20:00:00 UTC 2013,-0.784153005464481
Sun Dec 08 21:00:00 UTC 2013,0.2933333333333333
Sun Dec 08 22:00:00 UTC 2013,-0.2626262626262626
Sun Dec 08 23:00:00 UTC 2013,-0.1791666666666666
Mon Dec 09 00:00:00 UTC 2013,0.43899371069182364
Mon Dec 09 01:00:00 UTC 2013,0.04242424242424251
Mon Dec 09 02:00:00 UTC 2013,1.0350877192982453
Mon Dec 09 03:00:00 UTC 2013,-0.25747126436781603
Mon Dec 09 04:00:00 UTC 2013,0.23684210526315783
Mon Dec 09 05:00:00 UTC 2013,0.5555555555555555
Mon Dec 09 06:00:00 UTC 2013,0.5833333333333333
Mon Dec 09 07:00:00 UTC 2013,0.05815602836879423
Mon Dec 09 08:00:00 UTC 2013,0.6162790697674417
Mon Dec 09 09:00:00 UTC 2013,0.27844611528822066
Mon Dec 09 10:00:00 UTC 2013,0.4744152046783628
Mon Dec 09 11:00:00 UTC 2013,0.303373015873016
Mon Dec 09 12:00:00 UTC 2013,0.49906432748538
Mon Dec 09 13:00:00 UTC 2013,0.5942279942279943
Mon Dec 09 14:00:00 UTC 2013,0.514613526570048
Mon Dec 09 15:00:00 UTC 2013,0.3391213389121341
Mon Dec 09 16:00:00 UTC 2013,0.5099489795918367
Mon Dec 09 17:00:00 UTC 2013,0.4395522388059705
Mon Dec 09 18:00:00 UTC 2013,0.3831101190476193
Mon Dec 09 19:00:00 UTC 2013,0.41511387163561075
Mon Dec 09 20:00:00 UTC 2013,0.37269303201506576
Mon Dec 09 21:00:00 UTC 2013,0.5124137931034481
Mon Dec 09 22:00:00 UTC 2013,0.4765188834154351
Mon Dec 09 23:00:00 UTC 2013,0.11702127659574438
Tue Dec 10 00:00:00 UTC 2013,0.6827956989247307
Tue Dec 10 01:00:00 UTC 2013,0.08087855297157605
Tue Dec 10 02:00:00 UTC 2013,0.52015503875969
Tue Dec 10 03:00:00 UTC 2013,-0.08030303030303024
Tue Dec 10 04:00:00 UTC 2013,-5.246480756612782E-17
Tue Dec 10 05:00:00 UTC 2013,-0.23655913978494622
Tue Dec 10 06:00:00 UTC 2013,0.2893081761006289
Tue Dec 10 07:00:00 UTC 2013,0.5595238095238096
Tue Dec 10 08:00:00 UTC 2013,0.20436507936507925
Tue Dec 10 09:00:00 UTC 2013,0.24095665171898337
Tue Dec 10 10:00:00 UTC 2013,0.37713675213675213
Tue Dec 10 11:00:00 UTC 2013,0.45680751173708967
Tue Dec 10 12:00:00 UTC 2013,0.5124635568513117
Tue Dec 10 13:00:00 UTC 2013,0.6319011129355954
Tue Dec 10 14:00:00 UTC 2013,0.5782679738562087
Tue Dec 10 15:00:00 UTC 2013,0.657942708333333
Tue Dec 10 16:00:00 UTC 2013,0.7159863945578239
Tue Dec 10 17:00:00 UTC 2013,0.4165891472868212
Tue Dec 10 18:00:00 UTC 2013,0.11523297491039423
Tue Dec 10 19:00:00 UTC 2013,0.5604712041884812
Tue Dec 10 20:00:00 UTC 2013,0.2980613589309243
Tue Dec 10 21:00:00 UTC 2013,-0.03624772313296912
Tue Dec 10 22:00:00 UTC 2013,0.6867117117117107
Tue Dec 10 23:00:00 UTC 2013,0.6115142353237591
Wed Dec 11 00:00:00 UTC 2013,0.5252976190476188
Wed Dec 11 01:00:00 UTC 2013,0.41400000000000003
Wed Dec 11 02:00:00 UTC 2013,0.34712643678160926
Wed Dec 11 03:00:00 UTC 2013,0.11428571428571428
Wed Dec 11 04:00:00 UTC 2013,0.03571428571428564
Wed Dec 11 05:00:00 UTC 2013,-0.21544715447154447
Wed Dec 11 06:00:00 UTC 2013,0.008333333333333304
Wed Dec 11 07:00:00 UTC 2013,0.46262626262626244
Wed Dec 11 08:00:00 UTC 2013,0.2049122807017544
Wed Dec 11 09:00:00 UTC 2013,0.4969483568075117
Wed Dec 11 10:00:00 UTC 2013,0.30283224400871456
Wed Dec 11 11:00:00 UTC 2013,0.801891252955083
Wed Dec 11 12:00:00 UTC 2013,0.6904761904761898
Wed Dec 11 13:00:00 UTC 2013,0.1811111111111111
Wed Dec 11 14:00:00 UTC 2013,0.2666015625000003
Wed Dec 11 15:00:00 UTC 2013,0.3614310645724258
Wed Dec 11 16:00:00 UTC 2013,0.6650943396226427
Wed Dec 11 17:00:00 UTC 2013,0.19122807017543858
Wed Dec 11 18:00:00 UTC 2013,0.3702741702741703
Wed Dec 11 19:00:00 UTC 2013,0.6887737478411048
Wed Dec 11 20:00:00 UTC 2013,0.587166666666667
Wed Dec 11 21:00:00 UTC 2013,-0.047244623655913906
Wed Dec 11 22:00:00 UTC 2013,0.026010101010101008
Wed Dec 11 23:00:00 UTC 2013,0.6515789473684205
Thu Dec 12 00:00:00 UTC 2013,0.5036269430051814
Thu Dec 12 01:00:00 UTC 2013,0.06976744186046503
Thu Dec 12 02:00:00 UTC 2013,0.3367346938775512
Thu Dec 12 03:00:00 UTC 2013,-0.6814814814814815
Thu Dec 12 04:00:00 UTC 2013,0.2
Thu Dec 12 05:00:00 UTC 2013,-0.0874074074074073
Thu Dec 12 06:00:00 UTC 2013,0.290453074433657
Thu Dec 12 07:00:00 UTC 2013,0.46794871794871806
Thu Dec 12 08:00:00 UTC 2013,0.46517094017094035
Thu Dec 12 09:00:00 UTC 2013,0.7594501718213057
Thu Dec 12 10:00:00 UTC 2013,0.41093474426807686
Thu Dec 12 11:00:00 UTC 2013,0.825573192239859
Thu Dec 12 12:00:00 UTC 2013,0.5499999999999997
Thu Dec 12 13:00:00 UTC 2013,0.5396681749622924
Thu Dec 12 14:00:00 UTC 2013,0.5150362318840582
Thu Dec 12 15:00:00 UTC 2013,0.6290740740740749
Thu Dec 12 16:00:00 UTC 2013,0.34247311827956994
Thu Dec 12 17:00:00 UTC 2013,0.60600414078675
Thu Dec 12 18:00:00 UTC 2013,0.3583333333333338
Thu Dec 12 19:00:00 UTC 2013,0.05475285171102654
Thu Dec 12 20:00:00 UTC 2013,0.18591549295774648
Thu Dec 12 21:00:00 UTC 2013,0.1253623188405798
Thu Dec 12 22:00:00 UTC 2013,0.12472406181015468
Thu Dec 12 23:00:00 UTC 2013,-0.33603603603603627
Fri Dec 13 00:00:00 UTC 2013,-0.23250688705234132
Fri Dec 13 01:00:00 UTC 2013,0.09457831325301205
Fri Dec 13 02:00:00 UTC 2013,-0.2610062893081761
Fri Dec 13 03:00:00 UTC 2013,0.21485943775100405
Fri Dec 13 04:00:00 UTC 2013,-0.46944444444444444
Fri Dec 13 05:00:00 UTC 2013,-0.010416666666666732
Fri Dec 13 06:00:00 UTC 2013,-0.1157407407407406
Fri Dec 13 07:00:00 UTC 2013,0.3730158730158732
Fri Dec 13 08:00:00 UTC 2013,0.5124293785310735
Fri Dec 13 09:00:00 UTC 2013,0.5462462462462467
Fri Dec 13 10:00:00 UTC 2013,0.938636363636363
Fri Dec 13 11:00:00 UTC 2013,0.6359213250517594
Fri Dec 13 12:00:00 UTC 2013,0.4624060150375942
Fri Dec 13 13:00:00 UTC 2013,-0.2908136482939636
Fri Dec 13 14:00:00 UTC 2013,0.5697040498442366
Fri Dec 13 15:00:00 UTC 2013,-0.008520179372197267
Fri Dec 13 16:00:00 UTC 2013,0.46466666666666623
Fri Dec 13 17:00:00 UTC 2013,-0.11854166666666695
Fri Dec 13 18:00:00 UTC 2013,0.5861861861861865
Fri Dec 13 19:00:00 UTC 2013,0.07688679245283023
Fri Dec 13 20:00:00 UTC 2013,0.06819571865443433
Fri Dec 13 21:00:00 UTC 2013,0.5114173228346454
Fri Dec 13 22:00:00 UTC 2013,-0.1868279569892474
Fri Dec 13 23:00:00 UTC 2013,0.11458333333333334
Sat Dec 14 00:00:00 UTC 2013,-0.04378109452736316
Sat Dec 14 01:00:00 UTC 2013,-0.30980392156862724
Sat Dec 14 02:00:00 UTC 2013,-0.013620071684587875
Sat Dec 14 03:00:00 UTC 2013,0.16169154228855714
Sat Dec 14 04:00:00 UTC 2013,-0.11764705882352941
Sat Dec 14 05:00:00 UTC 2013,-0.11111111111111116
Sat Dec 14 06:00:00 UTC 2013,-0.20000000000000004
Sat Dec 14 07:00:00 UTC 2013,0.5731707317073167
Sat Dec 14 08:00:00 UTC 2013,0.5095238095238096
Sat Dec 14 09:00:00 UTC 2013,0.27868852459016397
Sat Dec 14 10:00:00 UTC 2013,0.7685185185185184
Sat Dec 14 11:00:00 UTC 2013,0.8653594771241825
Sat Dec 14 12:00:00 UTC 2013,-0.5937500000000001
Sat Dec 14 13:00:00 UTC 2013,-0.5352564102564102
Sat Dec 14 14:00:00 UTC 2013,0.645
Sat Dec 14 15:00:00 UTC 2013,0.7926829268292681
Sat Dec 14 16:00:00 UTC 2013,-0.09226190476190448
Sat Dec 14 17:00:00 UTC 2013,0.08950617283950618
Sat Dec 14 18:00:00 UTC 2013,-0.4868913857677901
Sat Dec 14 19:00:00 UTC 2013,0.21505376344086036
Sat Dec 14 20:00:00 UTC 2013,-0.5555555555555555
Sat Dec 14 21:00:00 UTC 2013,0.13781512605042015
Sat Dec 14 22:00:00 UTC 2013,0.3394927536231887
Sat Dec 14 23:00:00 UTC 2013,-0.057142857142857106
Sun Dec 15 00:00:00 UTC 2013,0.23545335942596218
Sun Dec 15 01:00:00 UTC 2013,0.21428571428571427
Sun Dec 15 02:00:00 UTC 2013,-0.44927536231884063
Sun Dec 15 03:00:00 UTC 2013,0.11547619047619044
Sun Dec 15 04:00:00 UTC 2013,-0.21481481481481482
Sun Dec 15 05:00:00 UTC 2013,0.08108108108108109
Sun Dec 15 06:00:00 UTC 2013,-0.11764705882352941
Sun Dec 15 07:00:00 UTC 2013,0.023333333333333407
Sun Dec 15 08:00:00 UTC 2013,0.335
Sun Dec 15 09:00:00 UTC 2013,0.46896551724137947
Sun Dec 15 10:00:00 UTC 2013,0.2526881720430107
Sun Dec 15 11:00:00 UTC 2013,0.5333333333333331
Sun Dec 15 12:00:00 UTC 2013,-0.02380952380952383
Sun Dec 15 13:00:00 UTC 2013,0.29366666666666674
Sun Dec 15 14:00:00 UTC 2013,0.16666666666666635
Sun Dec 15 15:00:00 UTC 2013,0.14548286604361357
Sun Dec 15 16:00:00 UTC 2013,0.29342723004694865
Sun Dec 15 17:00:00 UTC 2013,0.16666666666666666
Sun Dec 15 18:00:00 UTC 2013,0.5761904761904761
Sun Dec 15 19:00:00 UTC 2013,0.14062499999999994
Sun Dec 15 20:00:00 UTC 2013,-0.5301369863013697
Sun Dec 15 21:00:00 UTC 2013,-0.1435185185185187
Sun Dec 15 22:00:00 UTC 2013,0.4971428571428571
Sun Dec 15 23:00:00 UTC 2013,0.44444444444444436
Mon Dec 16 00:00:00 UTC 2013,0.1354166666666666
Mon Dec 16 01:00:00 UTC 2013,0.660919540229885
Mon Dec 16 02:00:00 UTC 2013,-0.15555555555555559
Mon Dec 16 03:00:00 UTC 2013,-0.24019607843137258
Mon Dec 16 04:00:00 UTC 2013,-0.39583333333333326
Mon Dec 16 05:00:00 UTC 2013,0.48275862068965525
Mon Dec 16 06:00:00 UTC 2013,0.47474747474747486
Mon Dec 16 07:00:00 UTC 2013,0.8885057471264364
Mon Dec 16 08:00:00 UTC 2013,0.6617647058823528
Mon Dec 16 09:00:00 UTC 2013,0.4038461538461539
Mon Dec 16 10:00:00 UTC 2013,0.6852380952380951
Mon Dec 16 11:00:00 UTC 2013,0.4757009345794392
Mon Dec 16 12:00:00 UTC 2013,0.504651162790698
Mon Dec 16 13:00:00 UTC 2013,0.49232209737827687
Mon Dec 16 14:00:00 UTC 2013,0.5975749559082888
Mon Dec 16 15:00:00 UTC 2013,0.20214424951267043
Mon Dec 16 16:00:00 UTC 2013,0.4790123456790114
Mon Dec 16 17:00:00 UTC 2013,0.26816939890710384
Mon Dec 16 18:00:00 UTC 2013,0.6621863799283157
Mon Dec 16 19:00:00 UTC 2013,0.03313953488372085
Mon Dec 16 20:00:00 UTC 2013,0.5529225908372832
Mon Dec 16 21:00:00 UTC 2013,0.11262254901960789
Mon Dec 16 22:00:00 UTC 2013,0.5647492625368726
Mon Dec 16 23:00:00 UTC 2013,0.2654244306418218
Tue Dec 17 00:00:00 UTC 2013,0.6022988505747124
Tue Dec 17 01:00:00 UTC 2013,0.5435028248587568
Tue Dec 17 02:00:00 UTC 2013,-0.23784722222222235
Tue Dec 17 03:00:00 UTC 2013,0.22033898305084743
Tue Dec 17 04:00:00 UTC 2013,0.2623456790123455
Tue Dec 17 05:00:00 UTC 2013,0.5476190476190472
Tue Dec 17 06:00:00 UTC 2013,0.3092105263157894
Tue Dec 17 07:00:00 UTC 2013,-0.2833333333333334
Tue Dec 17 08:00:00 UTC 2013,0.5726907630522086
Tue Dec 17 09:00:00 UTC 2013,0.7416040100250632
Tue Dec 17 10:00:00 UTC 2013,0.30967078189300407
Tue Dec 17 11:00:00 UTC 2013,0.34420062695924714
Tue Dec 17 12:00:00 UTC 2013,0.2524669073405534
Tue Dec 17 13:00:00 UTC 2013,0.3459614225437014
Tue Dec 17 14:00:00 UTC 2013,0.16666666666666663
Tue Dec 17 15:00:00 UTC 2013,0.09230554391844698
Tue Dec 17 16:00:00 UTC 2013,0.28233830845771146
Tue Dec 17 17:00:00 UTC 2013,0.412166780587833
Tue Dec 17 18:00:00 UTC 2013,0.14544159544159552
Tue Dec 17 19:00:00 UTC 2013,-0.2642779587404995
Tue Dec 17 20:00:00 UTC 2013,0.34399585921325027
Tue Dec 17 21:00:00 UTC 2013,0.3685333333333333
Tue Dec 17 22:00:00 UTC 2013,0.11064572425828964
Tue Dec 17 23:00:00 UTC 2013,0.3037356321839081
Wed Dec 18 00:00:00 UTC 2013,-0.09793510324483766
Wed Dec 18 01:00:00 UTC 2013,0.06031746031746026
Wed Dec 18 02:00:00 UTC 2013,-0.5428571428571427
Wed Dec 18 03:00:00 UTC 2013,0.04237288135593239
Wed Dec 18 04:00:00 UTC 2013,0.29365079365079366
Wed Dec 18 05:00:00 UTC 2013,-0.11538461538461543
Wed Dec 18 06:00:00 UTC 2013,0.5051282051282053
Wed Dec 18 07:00:00 UTC 2013,0.33551912568306025
Wed Dec 18 08:00:00 UTC 2013,0.5567632850241544
Wed Dec 18 09:00:00 UTC 2013,0.2697959183673467
Wed Dec 18 10:00:00 UTC 2013,0.47001763668430335
Wed Dec 18 11:00:00 UTC 2013,0.18120155038759692
Wed Dec 18 12:00:00 UTC 2013,0.3288557213930348
Wed Dec 18 13:00:00 UTC 2013,0.0422705314009662
Wed Dec 18 14:00:00 UTC 2013,0.5155270655270658
Wed Dec 18 15:00:00 UTC 2013,0.5184397163120564
Wed Dec 18 16:00:00 UTC 2013,0.20898437499999992
Wed Dec 18 17:00:00 UTC 2013,0.23247863247863249
Wed Dec 18 18:00:00 UTC 2013,-0.03320312499999993
Wed Dec 18 19:00:00 UTC 2013,0.23039215686274517
Wed Dec 18 20:00:00 UTC 2013,0.4333333333333338
Wed Dec 18 21:00:00 UTC 2013,0.5852201257861643
Wed Dec 18 22:00:00 UTC 2013,0.551666666666667
Wed Dec 18 23:00:00 UTC 2013,0.15099337748344394
Thu Dec 19 00:00:00 UTC 2013,0.1580188679245283
Thu Dec 19 01:00:00 UTC 2013,0.19914529914529905
Thu Dec 19 02:00:00 UTC 2013,0.45390070921985815
Thu Dec 19 03:00:00 UTC 2013,0.23759689922480612
Thu Dec 19 04:00:00 UTC 2013,0.6710144927536233
Thu Dec 19 05:00:00 UTC 2013,0.17850241545893705
Thu Dec 19 06:00:00 UTC 2013,0.013227513227513192
Thu Dec 19 07:00:00 UTC 2013,0.32666666666666677
Thu Dec 19 08:00:00 UTC 2013,0.6674563884959918
Thu Dec 19 09:00:00 UTC 2013,0.3967125382262998
Thu Dec 19 10:00:00 UTC 2013,0.6854761904761906
Thu Dec 19 11:00:00 UTC 2013,0.3568376068376068
Thu Dec 19 12:00:00 UTC 2013,0.758905775075988
Thu Dec 19 13:00:00 UTC 2013,0.5360893075178783
Thu Dec 19 14:00:00 UTC 2013,0.8105354058721939
Thu Dec 19 15:00:00 UTC 2013,0.058119658119658114
Thu Dec 19 16:00:00 UTC 2013,0.69945054945055
Thu Dec 19 17:00:00 UTC 2013,0.36146435452793835
Thu Dec 19 18:00:00 UTC 2013,0.3081105169340466
Thu Dec 19 19:00:00 UTC 2013,0.24190476190476215
Thu Dec 19 20:00:00 UTC 2013,0.17636684303350975
Thu Dec 19 21:00:00 UTC 2013,0.1822314049586776
Thu Dec 19 22:00:00 UTC 2013,0.4010695187165777
Thu Dec 19 23:00:00 UTC 2013,0.02559523809523795
Fri Dec 20 00:00:00 UTC 2013,0.306878306878307
Fri Dec 20 01:00:00 UTC 2013,0.04222222222222218
Fri Dec 20 02:00:00 UTC 2013,-0.5735294117647056
Fri Dec 20 03:00:00 UTC 2013,0.1402777777777778
Fri Dec 20 04:00:00 UTC 2013,0.39351851851851855
Fri Dec 20 05:00:00 UTC 2013,0.5454545454545456
Fri Dec 20 06:00:00 UTC 2013,0.6470588235294118
Fri Dec 20 07:00:00 UTC 2013,0.019953051643192485
Fri Dec 20 08:00:00 UTC 2013,0.08459595959595943
Fri Dec 20 09:00:00 UTC 2013,0.17991169977924942
Fri Dec 20 10:00:00 UTC 2013,0.5371188763275095
Fri Dec 20 11:00:00 UTC 2013,0.35189873417721507
Fri Dec 20 12:00:00 UTC 2013,0.4627403846153842
Fri Dec 20 13:00:00 UTC 2013,-0.03632075471698113
Fri Dec 20 14:00:00 UTC 2013,0.5893697478991595
Fri Dec 20 15:00:00 UTC 2013,0.7703349282296644
Fri Dec 20 16:00:00 UTC 2013,0.4935198821796762
Fri Dec 20 17:00:00 UTC 2013,0.5882398753894077
Fri Dec 20 18:00:00 UTC 2013,0.4191091954022992
Fri Dec 20 19:00:00 UTC 2013,0.14074074074074097
Fri Dec 20 20:00:00 UTC 2013,0.31421356421356417
Fri Dec 20 21:00:00 UTC 2013,0.6477142857142858
Fri Dec 20 22:00:00 UTC 2013,0.22666666666666704
Fri Dec 20 23:00:00 UTC 2013,0.0448504983388704
Sat Dec 21 00:00:00 UTC 2013,0.78
Sat Dec 21 01:00:00 UTC 2013,-0.7057777777777776
Sat Dec 21 02:00:00 UTC 2013,0.5000000000000001
Sat Dec 21 03:00:00 UTC 2013,-0.16444444444444445
Sat Dec 21 04:00:00 UTC 2013,0.14285714285714282
Sat Dec 21 05:00:00 UTC 2013,0.1875
Sat Dec 21 07:00:00 UTC 2013,0.44557823129251684
Sat Dec 21 08:00:00 UTC 2013,-0.648148148148148
Sat Dec 21 09:00:00 UTC 2013,-0.5333333333333332
Sat Dec 21 10:00:00 UTC 2013,0.28571428571428575
Sat Dec 21 11:00:00 UTC 2013,-0.7415254237288136
Sat Dec 21 12:00:00 UTC 2013,-0.11864406779661017
Sat Dec 21 13:00:00 UTC 2013,0.18918918918918926
Sat Dec 21 14:00:00 UTC 2013,-0.7443478260869564
Sat Dec 21 15:00:00 UTC 2013,0.10714285714285711
Sat Dec 21 16:00:00 UTC 2013,-0.16407103825136612
Sat Dec 21 17:00:00 UTC 2013,0.26769230769230773
Sat Dec 21 18:00:00 UTC 2013,0.03999999999999998
Sat Dec 21 19:00:00 UTC 2013,0.0670995670995671
Sat Dec 21 20:00:00 UTC 2013,0.2647058823529414
Sat Dec 21 21:00:00 UTC 2013,-0.11538461538461539
Sat Dec 21 22:00:00 UTC 2013,-0.1885714285714285
Sat Dec 21 23:00:00 UTC 2013,-0.28571428571428564
Sun Dec 22 00:00:00 UTC 2013,0.29680000000000023
Sun Dec 22 01:00:00 UTC 2013,0.2666666666666667
Sun Dec 22 02:00:00 UTC 2013,0.180952380952381
Sun Dec 22 03:00:00 UTC 2013,0.6785714285714287
Sun Dec 22 04:00:00 UTC 2013,0.2608695652173913
Sun Dec 22 05:00:00 UTC 2013,0.29279279279279286
Sun Dec 22 06:00:00 UTC 2013,0.062121212121212264
Sun Dec 22 07:00:00 UTC 2013,0.6282051282051281
Sun Dec 22 08:00:00 UTC 2013,0.14285714285714288
Sun Dec 22 09:00:00 UTC 2013,0.2970588235294118
Sun Dec 22 10:00:00 UTC 2013,1.0415584415584411
Sun Dec 22 11:00:00 UTC 2013,0.3391812865497076
Sun Dec 22 12:00:00 UTC 2013,0.45783132530120507
Sun Dec 22 13:00:00 UTC 2013,0.2833333333333333
Sun Dec 22 14:00:00 UTC 2013,0.2535460992907804
Sun Dec 22 15:00:00 UTC 2013,0.08507462686567174
Sun Dec 22 16:00:00 UTC 2013,-0.2310502283105024
Sun Dec 22 17:00:00 UTC 2013,0.17196969696969705
Sun Dec 22 18:00:00 UTC 2013,0.34751773049645396
Sun Dec 22 19:00:00 UTC 2013,-0.016666666666666715
