Sun Dec 01 00:00:00 UTC 2013,-0.4695495495495497
Sun Dec 01 01:00:00 UTC 2013,0.14259259259259263
Sun Dec 01 02:00:00 UTC 2013,-0.38461538461538464
Sun Dec 01 04:00:00 UTC 2013,0.27777777777777773
Sun Dec 01 05:00:00 UTC 2013,0.0564102564102564
Sun Dec 01 06:00:00 UTC 2013,0.8689655172413794
Sun Dec 01 07:00:00 UTC 2013,-0.1623931623931622
Sun Dec 01 08:00:00 UTC 2013,-0.8469696969696972
Sun Dec 01 09:00:00 UTC 2013,-0.11715686274509794
Sun Dec 01 10:00:00 UTC 2013,0.15384615384615385
Sun Dec 01 11:00:00 UTC 2013,0.0
Sun Dec 01 12:00:00 UTC 2013,-0.08024691358024694
Sun Dec 01 13:00:00 UTC 2013,0.045454545454545456
Sun Dec 01 14:00:00 UTC 2013,0.5705128205128205
Sun Dec 01 15:00:00 UTC 2013,0.2051282051282051
Sun Dec 01 16:00:00 UTC 2013,0.764705882352941
Sun Dec 01 17:00:00 UTC 2013,0.2924528301886793
Sun Dec 01 18:00:00 UTC 2013,-0.16437847866419286
Sun Dec 01 19:00:00 UTC 2013,-0.7884615384615378
Sun Dec 01 20:00:00 UTC 2013,0.5462962962962964
Sun Dec 01 21:00:00 UTC 2013,-0.6491228070175437
Sun Dec 01 22:00:00 UTC 2013,0.3313953488372093
Sun Dec 01 23:00:00 UTC 2013,0.30701754385964924
Mon Dec 02 00:00:00 UTC 2013,0.5077777777777771
Mon Dec 02 01:00:00 UTC 2013,0.08928571428571429
Mon Dec 02 02:00:00 UTC 2013,0.0
Mon Dec 02 03:00:00 UTC 2013,-0.34615384615384615
Mon Dec 02 04:00:00 UTC 2013,0.21428571428571427
Mon Dec 02 05:00:00 UTC 2013,0.5
Mon Dec 02 06:00:00 UTC 2013,-0.44753086419753096
Mon Dec 02 07:00:00 UTC 2013,0.27865707434052756
Mon Dec 02 08:00:00 UTC 2013,0.5970802919708036
Mon Dec 02 09:00:00 UTC 2013,0.16178160919540224
Mon Dec 02 10:00:00 UTC 2013,0.3400462962962965
Mon Dec 02 11:00:00 UTC 2013,-0.0418424753867792
Mon Dec 02 12:00:00 UTC 2013,0.6738095238095241
Mon Dec 02 13:00:00 UTC 2013,0.7613095238095239
Mon Dec 02 14:00:00 UTC 2013,0.5282051282051278
Mon Dec 02 15:00:00 UTC 2013,0.389158576051781
Mon Dec 02 16:00:00 UTC 2013,0.2517999544315335
Mon Dec 02 17:00:00 UTC 2013,0.08430232558139537
Mon Dec 02 18:00:00 UTC 2013,-0.3450134770889486
Mon Dec 02 19:00:00 UTC 2013,0.35060606060606053
Mon Dec 02 20:00:00 UTC 2013,0.47579908675799115
Mon Dec 02 21:00:00 UTC 2013,-0.16533333333333342
Mon Dec 02 22:00:00 UTC 2013,-0.01129943502824859
Mon Dec 02 23:00:00 UTC 2013,1.3264705882352947
Tue Dec 03 00:00:00 UTC 2013,0.057329842931937054
Tue Dec 03 01:00:00 UTC 2013,0.0625
Tue Dec 03 02:00:00 UTC 2013,0.3461538461538462
Tue Dec 03 03:00:00 UTC 2013,0.09090909090909091
Tue Dec 03 05:00:00 UTC 2013,0.0
Tue Dec 03 06:00:00 UTC 2013,0.32108843537414977
Tue Dec 03 07:00:00 UTC 2013,0.5224105461393601
Tue Dec 03 08:00:00 UTC 2013,0.42364672364672373
Tue Dec 03 09:00:00 UTC 2013,0.7291666666666657
Tue Dec 03 10:00:00 UTC 2013,0.48598484848484846
Tue Dec 03 11:00:00 UTC 2013,0.7457119741100324
Tue Dec 03 12:00:00 UTC 2013,0.5662878787878785
Tue Dec 03 13:00:00 UTC 2013,0.22090163934426205
Tue Dec 03 14:00:00 UTC 2013,0.4739583333333332
Tue Dec 03 15:00:00 UTC 2013,0.0787037037037038
Tue Dec 03 16:00:00 UTC 2013,0.3139438943894395
Tue Dec 03 17:00:00 UTC 2013,0.0915744157441576
Tue Dec 03 18:00:00 UTC 2013,0.1813405797101449
Tue Dec 03 19:00:00 UTC 2013,-0.25268817204301064
Tue Dec 03 20:00:00 UTC 2013,0.3237472766884533
Tue Dec 03 21:00:00 UTC 2013,-0.04857142857142863
Tue Dec 03 22:00:00 UTC 2013,0.8562499999999998
Tue Dec 03 23:00:00 UTC 2013,-0.22067510548523206
Wed Dec 04 00:00:00 UTC 2013,-0.31198830409356676
Wed Dec 04 01:00:00 UTC 2013,-0.17647058823529427
Wed Dec 04 02:00:00 UTC 2013,-0.07936507936507937
Wed Dec 04 03:00:00 UTC 2013,-0.3012820512820513
Wed Dec 04 04:00:00 UTC 2013,-0.5714285714285714
Wed Dec 04 05:00:00 UTC 2013,0.15384615384615385
Wed Dec 04 06:00:00 UTC 2013,0.09247311827956999
Wed Dec 04 07:00:00 UTC 2013,-0.3474178403755869
Wed Dec 04 08:00:00 UTC 2013,0.042467532467532425
Wed Dec 04 09:00:00 UTC 2013,0.21756487025948093
Wed Dec 04 10:00:00 UTC 2013,0.7819634703196343
Wed Dec 04 11:00:00 UTC 2013,0.013479415670650724
Wed Dec 04 12:00:00 UTC 2013,0.3602171637885922
Wed Dec 04 13:00:00 UTC 2013,0.09385964912280706
Wed Dec 04 14:00:00 UTC 2013,0.08333333333333336
Wed Dec 04 15:00:00 UTC 2013,0.45370370370370355
Wed Dec 04 16:00:00 UTC 2013,-0.3793103448275862
Wed Dec 04 17:00:00 UTC 2013,0.8848555815768929
Wed Dec 04 18:00:00 UTC 2013,0.3157894736842105
Wed Dec 04 19:00:00 UTC 2013,-1.193785310734463
Wed Dec 04 21:00:00 UTC 2013,-0.14583333333333343
Wed Dec 04 22:00:00 UTC 2013,0.19999999999999996
Wed Dec 04 23:00:00 UTC 2013,0.3
Thu Dec 05 00:00:00 UTC 2013,0.5585585585585585
Thu Dec 05 01:00:00 UTC 2013,0.41025641025641024
Thu Dec 05 02:00:00 UTC 2013,-0.058823529411764705
Thu Dec 05 05:00:00 UTC 2013,0.16666666666666666
Thu Dec 05 06:00:00 UTC 2013,-0.5061111111111112
Thu Dec 05 07:00:00 UTC 2013,0.5870646766169152
Thu Dec 05 08:00:00 UTC 2013,1.1483870967741938
Thu Dec 05 09:00:00 UTC 2013,0.5185185185185185
Thu Dec 05 10:00:00 UTC 2013,0.059523809523809465
Thu Dec 05 11:00:00 UTC 2013,0.3251366120218581
Thu Dec 05 12:00:00 UTC 2013,-0.4184313725490196
Thu Dec 05 13:00:00 UTC 2013,0.28025210084033614
Thu Dec 05 14:00:00 UTC 2013,0.034659433393610696
Thu Dec 05 15:00:00 UTC 2013,0.1522229744978559
Thu Dec 05 16:00:00 UTC 2013,0.22869822485207109
Thu Dec 05 17:00:00 UTC 2013,0.2668597168597167
Thu Dec 05 18:00:00 UTC 2013,0.6876404494382019
Thu Dec 05 19:00:00 UTC 2013,0.7078475336322877
Thu Dec 05 20:00:00 UTC 2013,-0.08352059925093624
Thu Dec 05 21:00:00 UTC 2013,0.10134680134680138
Thu Dec 05 22:00:00 UTC 2013,-0.39999999999999974
Thu Dec 05 23:00:00 UTC 2013,-0.36969696969696975
Fri Dec 06 00:00:00 UTC 2013,-0.15146666666666678
Fri Dec 06 01:00:00 UTC 2013,-0.8954022988505743
Fri Dec 06 02:00:00 UTC 2013,-0.03703703703703708
Fri Dec 06 03:00:00 UTC 2013,-0.06666666666666664
Fri Dec 06 04:00:00 UTC 2013,0.125
Fri Dec 06 06:00:00 UTC 2013,0.14700854700854693
Fri Dec 06 07:00:00 UTC 2013,-0.03670411985018714
Fri Dec 06 08:00:00 UTC 2013,0.7645259938837924
Fri Dec 06 09:00:00 UTC 2013,0.4507829977628641
Fri Dec 06 10:00:00 UTC 2013,-0.1764705882352939
Fri Dec 06 11:00:00 UTC 2013,0.24767688451898978
Fri Dec 06 12:00:00 UTC 2013,0.6608465608465607
Fri Dec 06 13:00:00 UTC 2013,-0.02798742138364783
Fri Dec 06 14:00:00 UTC 2013,0.1946153846153844
Fri Dec 06 15:00:00 UTC 2013,-0.2829059829059826
Fri Dec 06 16:00:00 UTC 2013,0.24619205298013244
Fri Dec 06 17:00:00 UTC 2013,0.05253968253968246
Fri Dec 06 18:00:00 UTC 2013,0.13207282913165264
Fri Dec 06 19:00:00 UTC 2013,0.19838435374149666
Fri Dec 06 20:00:00 UTC 2013,0.16781609195402294
Fri Dec 06 21:00:00 UTC 2013,0.6359649122807016
Fri Dec 06 22:00:00 UTC 2013,-0.17588652482269512
Fri Dec 06 23:00:00 UTC 2013,0.7634408602150534
Sat Dec 07 00:00:00 UTC 2013,-0.1274767378215654
Sat Dec 07 01:00:00 UTC 2013,-0.6875
Sat Dec 07 05:00:00 UTC 2013,0.59
Sat Dec 07 07:00:00 UTC 2013,0.3372372372372374
Sat Dec 07 08:00:00 UTC 2013,-0.16666666666666669
Sat Dec 07 09:00:00 UTC 2013,-0.24796747967479707
Sat Dec 07 10:00:00 UTC 2013,0.9047619047619049
Sat Dec 07 11:00:00 UTC 2013,-0.11904761904761904
Sat Dec 07 12:00:00 UTC 2013,-1.1016949152542366
Sat Dec 07 13:00:00 UTC 2013,0.5345098039215685
Sat Dec 07 14:00:00 UTC 2013,-0.275213675213675
Sat Dec 07 15:00:00 UTC 2013,0.6696428571428574
Sat Dec 07 16:00:00 UTC 2013,-0.5656862745098038
Sat Dec 07 17:00:00 UTC 2013,-0.5581395348837208
Sat Dec 07 18:00:00 UTC 2013,-0.05555555555555555
Sat Dec 07 19:00:00 UTC 2013,0.02325581395348833
Sat Dec 07 20:00:00 UTC 2013,-0.3523809523809526
Sat Dec 07 21:00:00 UTC 2013,-0.5192307692307694
Sat Dec 07 22:00:00 UTC 2013,-0.2863247863247861
Sat Dec 07 23:00:00 UTC 2013,-0.44565217391304335
Sun Dec 08 00:00:00 UTC 2013,-0.030775193798449493
Sun Dec 08 01:00:00 UTC 2013,-0.21428571428571427
Sun Dec 08 02:00:00 UTC 2013,-0.4
Sun Dec 08 03:00:00 UTC 2013,1.7
Sun Dec 08 04:00:00 UTC 2013,0.5384615384615384
Sun Dec 08 05:00:00 UTC 2013,-0.13333333333333333
Sun Dec 08 06:00:00 UTC 2013,-0.08190476190476194
Sun Dec 08 07:00:00 UTC 2013,-0.3750000000000002
Sun Dec 08 08:00:00 UTC 2013,0.09866666666666657
Sun Dec 08 10:00:00 UTC 2013,-0.47435897435897467
Sun Dec 08 11:00:00 UTC 2013,0.1805555555555556
Sun Dec 08 12:00:00 UTC 2013,0.01960784313725482
Sun Dec 08 13:00:00 UTC 2013,0.3414634146341465
Sun Dec 08 14:00:00 UTC 2013,0.3209876543209877
Sun Dec 08 15:00:00 UTC 2013,0.2845528455284553
Sun Dec 08 16:00:00 UTC 2013,-0.3068783068783067
Sun Dec 08 17:00:00 UTC 2013,0.17886178861788615
Sun Dec 08 18:00:00 UTC 2013,0.8692810457516338
Sun Dec 08 19:00:00 UTC 2013,0.34009009009008956
Sun Dec 08 20:00:00 UTC 2013,0.9791666666666672
Sun Dec 08 21:00:00 UTC 2013,-0.15895833333333342
Sun Dec 08 22:00:00 UTC 2013,0.6926406926406931
Sun Dec 08 23:00:00 UTC 2013,1.461538461538462
Mon Dec 09 00:00:00 UTC 2013,0.9115468409586057
Mon Dec 09 01:00:00 UTC 2013,0.8735632183908046
Mon Dec 09 02:00:00 UTC 2013,-0.11764705882352941
Mon Dec 09 03:00:00 UTC 2013,-0.2333333333333333
Mon Dec 09 04:00:00 UTC 2013,0.12941176470588234
Mon Dec 09 05:00:00 UTC 2013,0.3412698412698412
Mon Dec 09 06:00:00 UTC 2013,0.16666666666666674
Mon Dec 09 07:00:00 UTC 2013,-0.2835648148148146
Mon Dec 09 08:00:00 UTC 2013,1.0023809523809528
Mon Dec 09 09:00:00 UTC 2013,-0.22818181818181843
Mon Dec 09 10:00:00 UTC 2013,0.9133466135458167
Mon Dec 09 11:00:00 UTC 2013,1.0571428571428574
Mon Dec 09 12:00:00 UTC 2013,0.4833333333333332
Mon Dec 09 13:00:00 UTC 2013,0.28398835516739424
Mon Dec 09 14:00:00 UTC 2013,0.11900826446280974
Mon Dec 09 15:00:00 UTC 2013,-0.07478632478632471
Mon Dec 09 16:00:00 UTC 2013,0.21994047619047635
Mon Dec 09 17:00:00 UTC 2013,0.15164690382081686
Mon Dec 09 18:00:00 UTC 2013,-0.3788321167883209
Mon Dec 09 19:00:00 UTC 2013,0.02631578947368421
Mon Dec 09 20:00:00 UTC 2013,-0.3239316239316237
Mon Dec 09 21:00:00 UTC 2013,0.08793103448275844
Mon Dec 09 22:00:00 UTC 2013,-0.2291666666666668
Mon Dec 09 23:00:00 UTC 2013,0.781609195402299
Tue Dec 10 00:00:00 UTC 2013,0.3904984423676016
Tue Dec 10 01:00:00 UTC 2013,0.14965986394557818
Tue Dec 10 02:00:00 UTC 2013,0.20493827160493827
Tue Dec 10 03:00:00 UTC 2013,0.18333333333333326
Tue Dec 10 04:00:00 UTC 2013,0.0
Tue Dec 10 06:00:00 UTC 2013,-0.590643274853801
Tue Dec 10 07:00:00 UTC 2013,0.19631268436578167
Tue Dec 10 08:00:00 UTC 2013,0.05868544600938959
Tue Dec 10 09:00:00 UTC 2013,0.14444444444444451
Tue Dec 10 10:00:00 UTC 2013,-0.07941834451901557
Tue Dec 10 11:00:00 UTC 2013,1.002265372168283
Tue Dec 10 12:00:00 UTC 2013,-0.09020537124802548
Tue Dec 10 13:00:00 UTC 2013,0.4222789115646257
Tue Dec 10 14:00:00 UTC 2013,0.09227373068432643
Tue Dec 10 15:00:00 UTC 2013,0.3699779249448124
Tue Dec 10 16:00:00 UTC 2013,-0.14436781609195407
Tue Dec 10 17:00:00 UTC 2013,-0.23031249999999984
Tue Dec 10 18:00:00 UTC 2013,0.4987421383647796
Tue Dec 10 19:00:00 UTC 2013,-0.014430894308943046
Tue Dec 10 20:00:00 UTC 2013,-0.08080168776371321
Tue Dec 10 21:00:00 UTC 2013,-0.0785
Tue Dec 10 22:00:00 UTC 2013,0.06153846153846154
Tue Dec 10 23:00:00 UTC 2013,0.6000000000000001
Wed Dec 11 00:00:00 UTC 2013,0.6613333333333334
Wed Dec 11 01:00:00 UTC 2013,0.2941176470588235
Wed Dec 11 02:00:00 UTC 2013,0.09444444444444437
Wed Dec 11 03:00:00 UTC 2013,0.07142857142857142
Wed Dec 11 05:00:00 UTC 2013,0.04444444444444448
Wed Dec 11 06:00:00 UTC 2013,-0.023111111111110864
Wed Dec 11 07:00:00 UTC 2013,0.05135802469135807
Wed Dec 11 08:00:00 UTC 2013,0.08585858585858588
Wed Dec 11 09:00:00 UTC 2013,0.48999999999999977
Wed Dec 11 10:00:00 UTC 2013,0.24928774928774905
Wed Dec 11 11:00:00 UTC 2013,0.15060975609756083
Wed Dec 11 12:00:00 UTC 2013,0.12658959537572262
Wed Dec 11 13:00:00 UTC 2013,0.6064572425828975
Wed Dec 11 14:00:00 UTC 2013,-0.3127572016460901
Wed Dec 11 15:00:00 UTC 2013,0.09183006535947719
Wed Dec 11 16:00:00 UTC 2013,0.11584362139917691
Wed Dec 11 17:00:00 UTC 2013,-0.06616541353383451
Wed Dec 11 18:00:00 UTC 2013,-0.04638447971781307
Wed Dec 11 19:00:00 UTC 2013,0.3720987654320989
Wed Dec 11 20:00:00 UTC 2013,0.37222222222222234
Wed Dec 11 21:00:00 UTC 2013,-0.20307971014492723
Wed Dec 11 22:00:00 UTC 2013,0.305855855855856
Wed Dec 11 23:00:00 UTC 2013,-0.15384615384615385
Thu Dec 12 00:00:00 UTC 2013,-0.19040767386091126
Thu Dec 12 01:00:00 UTC 2013,0.2550925925925926
Thu Dec 12 02:00:00 UTC 2013,-0.13333333333333333
Thu Dec 12 04:00:00 UTC 2013,0.33541666666666664
Thu Dec 12 05:00:00 UTC 2013,-0.18181818181818182
Thu Dec 12 06:00:00 UTC 2013,0.07083333333333323
Thu Dec 12 07:00:00 UTC 2013,0.6212500000000001
Thu Dec 12 08:00:00 UTC 2013,0.5315789473684212
Thu Dec 12 09:00:00 UTC 2013,-0.1595441595441594
Thu Dec 12 10:00:00 UTC 2013,-0.06317663817663823
Thu Dec 12 11:00:00 UTC 2013,0.3558531746031749
Thu Dec 12 12:00:00 UTC 2013,0.6075268817204307
Thu Dec 12 13:00:00 UTC 2013,0.25559845559845584
Thu Dec 12 14:00:00 UTC 2013,-0.08627450980392158
Thu Dec 12 15:00:00 UTC 2013,0.16354166666666667
Thu Dec 12 16:00:00 UTC 2013,-0.0023965141612200527
Thu Dec 12 17:00:00 UTC 2013,-0.15951359084406286
Thu Dec 12 18:00:00 UTC 2013,0.3015503875968991
Thu Dec 12 19:00:00 UTC 2013,-0.14516129032258066
Thu Dec 12 20:00:00 UTC 2013,0.10326576576576586
Thu Dec 12 21:00:00 UTC 2013,0.058823529411764684
Thu Dec 12 22:00:00 UTC 2013,0.8750000000000001
Thu Dec 12 23:00:00 UTC 2013,-0.4112318840579709
Fri Dec 13 00:00:00 UTC 2013,0.2991735537190083
Fri Dec 13 01:00:00 UTC 2013,-0.5964912280701754
Fri Dec 13 02:00:00 UTC 2013,0.11111111111111105
Fri Dec 13 03:00:00 UTC 2013,-0.06790123456790122
Fri Dec 13 04:00:00 UTC 2013,-0.26666666666666666
Fri Dec 13 06:00:00 UTC 2013,-0.7552511415525115
Fri Dec 13 07:00:00 UTC 2013,-0.4320175438596491
Fri Dec 13 08:00:00 UTC 2013,-0.08080808080808059
Fri Dec 13 09:00:00 UTC 2013,0.9764227642276418
Fri Dec 13 10:00:00 UTC 2013,0.2401433691756275
Fri Dec 13 11:00:00 UTC 2013,1.046560846560845
Fri Dec 13 12:00:00 UTC 2013,0.05755208333333341
Fri Dec 13 13:00:00 UTC 2013,0.1371621621621622
Fri Dec 13 14:00:00 UTC 2013,0.11979166666666669
Fri Dec 13 15:00:00 UTC 2013,0.1364427860696519
Fri Dec 13 16:00:00 UTC 2013,0.47975460122699415
Fri Dec 13 17:00:00 UTC 2013,0.5142222222222222
Fri Dec 13 18:00:00 UTC 2013,0.06279887482419128
Fri Dec 13 19:00:00 UTC 2013,-0.35029498525073755
Fri Dec 13 20:00:00 UTC 2013,0.3470319634703197
Fri Dec 13 21:00:00 UTC 2013,0.37037037037037035
Fri Dec 13 22:00:00 UTC 2013,0.12048192771084341
Fri Dec 13 23:00:00 UTC 2013,-0.08518518518518514
Sat Dec 14 00:00:00 UTC 2013,0.018072289156626578
Sat Dec 14 01:00:00 UTC 2013,-1.0
Sat Dec 14 02:00:00 UTC 2013,-0.7391304347826084
Sat Dec 14 04:00:00 UTC 2013,-1.2083333333333335
Sat Dec 14 06:00:00 UTC 2013,-0.5675675675675675
Sat Dec 14 07:00:00 UTC 2013,0.15384615384615385
Sat Dec 14 08:00:00 UTC 2013,-0.7023809523809522
Sat Dec 14 09:00:00 UTC 2013,0.051851851851851656
Sat Dec 14 10:00:00 UTC 2013,-1.0661764705882353
Sat Dec 14 11:00:00 UTC 2013,1.3376344086021512
Sat Dec 14 12:00:00 UTC 2013,-0.8751515151515151
Sat Dec 14 13:00:00 UTC 2013,-0.44827586206896547
Sat Dec 14 14:00:00 UTC 2013,-0.6759259259259258
Sat Dec 14 15:00:00 UTC 2013,-0.4701298701298703
Sat Dec 14 16:00:00 UTC 2013,0.34848484848484845
Sat Dec 14 17:00:00 UTC 2013,-0.8
Sat Dec 14 18:00:00 UTC 2013,-0.6346153846153844
Sat Dec 14 19:00:00 UTC 2013,0.45833333333333337
Sat Dec 14 20:00:00 UTC 2013,0.41060606060606064
Sat Dec 14 21:00:00 UTC 2013,0.14920634920634904
Sat Dec 14 22:00:00 UTC 2013,-0.2437229437229437
Sat Dec 14 23:00:00 UTC 2013,0.15624999999999997
Sun Dec 15 00:00:00 UTC 2013,0.4044504995458674
Sun Dec 15 01:00:00 UTC 2013,0.08333333333333333
Sun Dec 15 04:00:00 UTC 2013,-0.09090909090909091
Sun Dec 15 05:00:00 UTC 2013,0.058823529411764705
Sun Dec 15 06:00:00 UTC 2013,-0.5914062499999998
Sun Dec 15 07:00:00 UTC 2013,0.5631313131313131
Sun Dec 15 08:00:00 UTC 2013,0.5055555555555556
Sun Dec 15 09:00:00 UTC 2013,0.23010752688172037
Sun Dec 15 10:00:00 UTC 2013,-0.13725490196078433
Sun Dec 15 11:00:00 UTC 2013,0.8431372549019607
Sun Dec 15 12:00:00 UTC 2013,-0.6296296296296295
Sun Dec 15 13:00:00 UTC 2013,0.6222222222222223
Sun Dec 15 14:00:00 UTC 2013,-0.24734042553191482
Sun Dec 15 15:00:00 UTC 2013,-0.0736842105263158
Sun Dec 15 17:00:00 UTC 2013,-0.3939393939393939
Sun Dec 15 18:00:00 UTC 2013,-0.011904761904761868
Sun Dec 15 19:00:00 UTC 2013,0.5417417417417418
Sun Dec 15 20:00:00 UTC 2013,0.09384057971014496
Sun Dec 15 21:00:00 UTC 2013,1.1837209302325582
Sun Dec 15 22:00:00 UTC 2013,0.16536458333333334
Sun Dec 15 23:00:00 UTC 2013,1.0144927536231885
Mon Dec 16 00:00:00 UTC 2013,-0.02903508771929826
Mon Dec 16 01:00:00 UTC 2013,-0.47619047619047594
Mon Dec 16 02:00:00 UTC 2013,1.3600000000000003
Mon Dec 16 03:00:00 UTC 2013,-0.5
Mon Dec 16 04:00:00 UTC 2013,0.5
Mon Dec 16 05:00:00 UTC 2013,0.35714285714285715
Mon Dec 16 06:00:00 UTC 2013,0.1695402298850574
Mon Dec 16 07:00:00 UTC 2013,1.4622641509433951
Mon Dec 16 08:00:00 UTC 2013,-0.07539682539682532
Mon Dec 16 09:00:00 UTC 2013,-0.26793103448275857
Mon Dec 16 10:00:00 UTC 2013,0.2936991869918698
Mon Dec 16 11:00:00 UTC 2013,-0.08213751868460396
Mon Dec 16 12:00:00 UTC 2013,0.21916329284750358
Mon Dec 16 13:00:00 UTC 2013,-0.047058823529412014
Mon Dec 16 14:00:00 UTC 2013,0.1282122905027932
Mon Dec 16 15:00:00 UTC 2013,0.2798534798534801
Mon Dec 16 16:00:00 UTC 2013,0.11242424242424236
Mon Dec 16 17:00:00 UTC 2013,-0.31011494252873567
Mon Dec 16 18:00:00 UTC 2013,-0.5234567901234567
Mon Dec 16 19:00:00 UTC 2013,-0.10000000000000006
Mon Dec 16 20:00:00 UTC 2013,-0.2906162464985995
Mon Dec 16 21:00:00 UTC 2013,-0.5173913043478261
Mon Dec 16 22:00:00 UTC 2013,-0.10734463276836138
Mon Dec 16 23:00:00 UTC 2013,-0.3741496598639455
Tue Dec 17 00:00:00 UTC 2013,0.43775510204081636
Tue Dec 17 01:00:00 UTC 2013,-0.31666666666666665
Tue Dec 17 02:00:00 UTC 2013,-0.1372549019607843
Tue Dec 17 03:00:00 UTC 2013,-0.9907407407407407
Tue Dec 17 04:00:00 UTC 2013,0.37820512820512836
Tue Dec 17 05:00:00 UTC 2013,-0.3925925925925926
Tue Dec 17 06:00:00 UTC 2013,0.6083333333333336
Tue Dec 17 07:00:00 UTC 2013,-0.3902439024390242
Tue Dec 17 08:00:00 UTC 2013,0.04615384615384627
Tue Dec 17 09:00:00 UTC 2013,0.4847094801223241
Tue Dec 17 10:00:00 UTC 2013,0.3273809523809521
Tue Dec 17 11:00:00 UTC 2013,-0.08322332233223335
Tue Dec 17 12:00:00 UTC 2013,-0.02408223201174753
Tue Dec 17 13:00:00 UTC 2013,0.2316132858837485
Tue Dec 17 14:00:00 UTC 2013,0.07460317460317463
Tue Dec 17 15:00:00 UTC 2013,-0.009033189033189015
Tue Dec 17 16:00:00 UTC 2013,-0.44953051643192493
Tue Dec 17 17:00:00 UTC 2013,-0.1545045045045042
Tue Dec 17 18:00:00 UTC 2013,-0.4577497665732959
Tue Dec 17 19:00:00 UTC 2013,-0.5097412480974124
Tue Dec 17 20:00:00 UTC 2013,-0.03529914529914524
Tue Dec 17 21:00:00 UTC 2013,0.1428571428571429
Tue Dec 17 22:00:00 UTC 2013,-0.29232804232804255
Tue Dec 17 23:00:00 UTC 2013,0.36111111111111094
Wed Dec 18 00:00:00 UTC 2013,0.10021097046413485
Wed Dec 18 01:00:00 UTC 2013,0.06944444444444449
Wed Dec 18 02:00:00 UTC 2013,-0.5738095238095237
Wed Dec 18 03:00:00 UTC 2013,0.9537037037037036
Wed Dec 18 04:00:00 UTC 2013,-0.4700854700854701
Wed Dec 18 05:00:00 UTC 2013,0.2727272727272727
Wed Dec 18 06:00:00 UTC 2013,-0.4696969696969695
Wed Dec 18 07:00:00 UTC 2013,-0.0771428571428572
Wed Dec 18 08:00:00 UTC 2013,0.12805280528052818
Wed Dec 18 09:00:00 UTC 2013,-0.11455399061032893
Wed Dec 18 10:00:00 UTC 2013,0.057891156462585
Wed Dec 18 11:00:00 UTC 2013,0.09377990430622003
Wed Dec 18 12:00:00 UTC 2013,0.5042780748663096
Wed Dec 18 13:00:00 UTC 2013,0.0623533471359559
Wed Dec 18 14:00:00 UTC 2013,0.1585034013605443
Wed Dec 18 15:00:00 UTC 2013,0.03937621832358673
Wed Dec 18 16:00:00 UTC 2013,-0.11776315789473679
Wed Dec 18 17:00:00 UTC 2013,0.03919107391910747
Wed Dec 18 18:00:00 UTC 2013,0.35142857142857153
Wed Dec 18 19:00:00 UTC 2013,-0.5564864864864869
Wed Dec 18 20:00:00 UTC 2013,-0.9475806451612904
Wed Dec 18 21:00:00 UTC 2013,-0.0188818565400844
Wed Dec 18 22:00:00 UTC 2013,0.02941176470588247
Wed Dec 18 23:00:00 UTC 2013,-0.08730158730158723
Thu Dec 19 00:00:00 UTC 2013,-0.1945578231292516
Thu Dec 19 01:00:00 UTC 2013,-0.38461538461538464
Thu Dec 19 02:00:00 UTC 2013,-0.17391304347826095
Thu Dec 19 03:00:00 UTC 2013,-0.8421052631578947
Thu Dec 19 04:00:00 UTC 2013,-0.5098039215686273
Thu Dec 19 05:00:00 UTC 2013,-0.09090909090909091
Thu Dec 19 06:00:00 UTC 2013,0.37142857142857155
Thu Dec 19 07:00:00 UTC 2013,-0.2374774774774775
Thu Dec 19 08:00:00 UTC 2013,-0.43805233805233823
Thu Dec 19 09:00:00 UTC 2013,0.3876404494382022
Thu Dec 19 10:00:00 UTC 2013,0.12387387387387398
Thu Dec 19 11:00:00 UTC 2013,0.16200000000000003
Thu Dec 19 12:00:00 UTC 2013,-0.05331262939958591
Thu Dec 19 13:00:00 UTC 2013,-0.43144654088050266
Thu Dec 19 14:00:00 UTC 2013,-0.3636363636363637
Thu Dec 19 15:00:00 UTC 2013,-0.23333333333333345
Thu Dec 19 16:00:00 UTC 2013,-0.017171717171717064
Thu Dec 19 17:00:00 UTC 2013,-0.21780821917808207
Thu Dec 19 18:00:00 UTC 2013,-0.4438375350140057
Thu Dec 19 19:00:00 UTC 2013,-0.9750877192982457
Thu Dec 19 20:00:00 UTC 2013,-0.30596205962059625
Thu Dec 19 21:00:00 UTC 2013,0.3931666666666666
Thu Dec 19 22:00:00 UTC 2013,-0.6518072289156621
Thu Dec 19 23:00:00 UTC 2013,0.07142857142857142
Fri Dec 20 00:00:00 UTC 2013,-0.6077702702702701
Fri Dec 20 01:00:00 UTC 2013,-0.06666666666666667
Fri Dec 20 02:00:00 UTC 2013,-0.8730158730158729
Fri Dec 20 03:00:00 UTC 2013,-0.16666666666666666
Fri Dec 20 04:00:00 UTC 2013,-0.09523809523809519
Fri Dec 20 06:00:00 UTC 2013,0.4871794871794872
Fri Dec 20 07:00:00 UTC 2013,-0.1456456456456456
Fri Dec 20 08:00:00 UTC 2013,-0.23093093093093092
Fri Dec 20 09:00:00 UTC 2013,0.01785714285714281
Fri Dec 20 10:00:00 UTC 2013,0.2065727699530517
Fri Dec 20 11:00:00 UTC 2013,-0.2075670498084289
Fri Dec 20 12:00:00 UTC 2013,0.45547385620915
Fri Dec 20 13:00:00 UTC 2013,0.08410852713178295
Fri Dec 20 14:00:00 UTC 2013,-0.1961309523809523
Fri Dec 20 15:00:00 UTC 2013,-0.586861313868613
Fri Dec 20 16:00:00 UTC 2013,0.3476190476190473
Fri Dec 20 17:00:00 UTC 2013,-0.15432098765432092
Fri Dec 20 18:00:00 UTC 2013,0.16534391534391543
Fri Dec 20 19:00:00 UTC 2013,0.16666666666666669
Fri Dec 20 20:00:00 UTC 2013,0.4542483660130718
Fri Dec 20 21:00:00 UTC 2013,-0.608225108225108
Fri Dec 20 22:00:00 UTC 2013,0.023809523809523836
Fri Dec 20 23:00:00 UTC 2013,0.14285714285714285
Sat Dec 21 00:00:00 UTC 2013,0.5057471264367814
Sat Dec 21 01:00:00 UTC 2013,-0.6896551724137931
Sat Dec 21 02:00:00 UTC 2013,-0.41666666666666674
Sat Dec 21 03:00:00 UTC 2013,0.2037037037037037
Sat Dec 21 06:00:00 UTC 2013,0.5555555555555556
Sat Dec 21 07:00:00 UTC 2013,0.4246794871794872
Sat Dec 21 08:00:00 UTC 2013,0.02702702702702722
Sat Dec 21 09:00:00 UTC 2013,-0.5843137254901961
Sat Dec 21 10:00:00 UTC 2013,-0.3529411764705882
Sat Dec 21 11:00:00 UTC 2013,0.07272727272727288
Sat Dec 21 12:00:00 UTC 2013,-0.11111111111111112
Sat Dec 21 13:00:00 UTC 2013,0.42187499999999994
Sat Dec 21 14:00:00 UTC 2013,0.7515151515151516
Sat Dec 21 15:00:00 UTC 2013,0.47297297297297297
Sat Dec 21 16:00:00 UTC 2013,-0.043478260869565286
Sat Dec 21 17:00:00 UTC 2013,0.39591836734693875
Sat Dec 21 18:00:00 UTC 2013,-0.15111111111111122
Sat Dec 21 19:00:00 UTC 2013,-0.6518207282913167
Sat Dec 21 20:00:00 UTC 2013,-0.6348484848484849
Sat Dec 21 21:00:00 UTC 2013,-0.5769841269841268
Sat Dec 21 22:00:00 UTC 2013,-0.5601307189542483
Sat Dec 21 23:00:00 UTC 2013,-0.23076923076923078
Sun Dec 22 00:00:00 UTC 2013,-0.18036036036036013
Sun Dec 22 01:00:00 UTC 2013,0.4117647058823529
Sun Dec 22 02:00:00 UTC 2013,-0.9375
Sun Dec 22 04:00:00 UTC 2013,-0.15384615384615385
Sun Dec 22 05:00:00 UTC 2013,-0.29259259259259257
Sun Dec 22 06:00:00 UTC 2013,-0.24444444444444471
Sun Dec 22 07:00:00 UTC 2013,-1.041666666666667
Sun Dec 22 08:00:00 UTC 2013,0.42156862745098045
Sun Dec 22 09:00:00 UTC 2013,-0.07526881720430112
Sun Dec 22 10:00:00 UTC 2013,-0.116161616161616
Sun Dec 22 11:00:00 UTC 2013,-0.15488215488215482
Sun Dec 22 12:00:00 UTC 2013,-0.02645502645502645
Sun Dec 22 13:00:00 UTC 2013,-1.01140350877193
Sun Dec 22 14:00:00 UTC 2013,-0.49404761904761896
Sun Dec 22 15:00:00 UTC 2013,-1.1111111111111105
Sun Dec 22 16:00:00 UTC 2013,0.6294117647058821
Sun Dec 22 17:00:00 UTC 2013,-0.6369047619047622
Sun Dec 22 18:00:00 UTC 2013,0.5050505050505047
Sun Dec 22 19:00:00 UTC 2013,-0.3876456876456876
